id;quest;completed;voice;emotion;text;output_path
0;DSilHand_A02LoreDialogs;error;maleeventonedaccentedhappy;happy;[I'M HAPPY] Yes, of course.;results\Data\Sound\Voice\DawnOfTheSilverHand.esp\MaleEvenTonedAccented\DSilHand_A_DSilHand_A02Fj__00011A69_1.xwm
1;DSilHand_A02LoreDialogs;error;maleeventonedaccentedhappy;happy;[I'M HAPPY] A long time ago... [I'M HAPPY] Krev and I were Companions. [I'M HAPPY] We were almost like twin brothers, we were inseparable in the battles.;results\Data\Sound\Voice\DawnOfTheSilverHand.esp\MaleEvenTonedAccented\DSilHand_A_DSilHand_A02Fj__00011A69_2.xwm
2;DSilHand_A02LoreDialogs;error;maleeventonedaccentedanger;anger;[I'M ANGRY] But one day... [I'M ANGRY] We both were invited to ascend to the circle.;results\Data\Sound\Voice\DawnOfTheSilverHand.esp\MaleEvenTonedAccented\DSilHand_A_DSilHand_A02Fj__00011A69_3.xwm
3;DSilHand_A02LoreDialogs;error;maleeventonedaccentedhappy;happy;[I'M HAPPY] Fortunately, Krev noticed what the circle was about, and we fled before being forced to drink the cursed wolf's blood.;results\Data\Sound\Voice\DawnOfTheSilverHand.esp\MaleEvenTonedAccented\DSilHand_A_DSilHand_A02Fj__00011A69_4.xwm
4;DSilHand_A02LoreDialogs;error;maleeventonedaccentedhappy;happy;[I'M HAPPY] We fled from Whiterun, and sometime later we discovered about the Silver Hands.;results\Data\Sound\Voice\DawnOfTheSilverHand.esp\MaleEvenTonedAccented\DSilHand_A_DSilHand_A02Fj__00011A69_5.xwm
5;DSilHand_A02LoreDialogs;error;maleeventonedaccentedsad;sad;[I'M SAD] They didn't know but when Krev was a little kid, his mother was murdered by a werewolf...;results\Data\Sound\Voice\DawnOfTheSilverHand.esp\MaleEvenTonedAccented\DSilHand_A_DSilHand_A02Fj__00011A69_6.xwm
6;DSilHand_A02LoreDialogs;error;maleeventonedaccentedhappy;happy;[I'M HAPPY] Since then, we have been fighting for the Silver Hand.;results\Data\Sound\Voice\DawnOfTheSilverHand.esp\MaleEvenTonedAccented\DSilHand_A_DSilHand_A02Fj__00011A69_7.xwm
7;DSilHand_A02LoreDialogs;error;maleeventonedaccentedhappy;happy;[I'M HAPPY] We have been hiring valiant warriors who hate werewolves and Daedra more than anything.;results\Data\Sound\Voice\DawnOfTheSilverHand.esp\MaleEvenTonedAccented\DSilHand_A_DSilHand_A02Fj__00011A69_8.xwm
8;DSilHand_A02LoreDialogs;true;maleorcneutral;neutral; It happened many years ago when I was still a young Orc.;results\Data\Sound\Voice\DawnOfTheSilverHand.esp\MaleOrc\DSilHand_A_DSilHand_A02Ku__00011A68_1.xwm
9;DSilHand_A02LoreDialogs;error;maleorcneutral;neutral; Before living here at Gallows Rock I used to live in an Orc stronghold in Hammerfell, close to Falkreath.;results\Data\Sound\Voice\DawnOfTheSilverHand.esp\MaleOrc\DSilHand_A_DSilHand_A02Ku__00011A68_2.xwm
10;DSilHand_A02LoreDialogs;ongoing;maleorcneutral;neutral; It was there where I learned about smiting and forging.;results\Data\Sound\Voice\DawnOfTheSilverHand.esp\MaleOrc\DSilHand_A_DSilHand_A02Ku__00011A68_3.xwm
11;DSilHand_A02LoreDialogs;false;maleorcneutral;neutral; We Orcs have been forging iron, steel, and orichalcum for millennia.;results\Data\Sound\Voice\DawnOfTheSilverHand.esp\MaleOrc\DSilHand_A_DSilHand_A02Ku__00011A68_4.xwm
12;DSilHand_A02LoreDialogs;false;maleorcneutral;neutral; But our stronghold was above a Silver Mine.  And some few miles away there was an ancient Dwammer ruin.;results\Data\Sound\Voice\DawnOfTheSilverHand.esp\MaleOrc\DSilHand_A_DSilHand_A02Ku__00011A68_5.xwm
13;DSilHand_A02LoreDialogs;false;maleorchappy;happy;[I'M HAPPY] As you can imagine, I had the opportunity to experiment a lot with these materials before coming here.;results\Data\Sound\Voice\DawnOfTheSilverHand.esp\MaleOrc\DSilHand_A_DSilHand_A02Ku__00011A68_6.xwm
14;DSilHand_A02LoreDialogs;false;maleorcsad;sad;[I'M SAD] One day I decided to challenge the stronghold leadership, and lost the fight.;results\Data\Sound\Voice\DawnOfTheSilverHand.esp\MaleOrc\DSilHand_A_DSilHand_A02Ku__00011A68_7.xwm
15;DSilHand_A02LoreDialogs;false;maleorcneutral;neutral; I was lucky to escape alive.  I was afraid, and hide in a cave.;results\Data\Sound\Voice\DawnOfTheSilverHand.esp\MaleOrc\DSilHand_A_DSilHand_A02Ku__00011A68_8.xwm
16;DSilHand_A02LoreDialogs;false;maleorcfear;fear;[I'M SCARED] I thought it was a safe place, but I was wrong. [I'M SCARED] A wild werewolf appeared and came after me.;results\Data\Sound\Voice\DawnOfTheSilverHand.esp\MaleOrc\DSilHand_A_DSilHand_A02Ku__00011A68_9.xwm
17;DSilHand_A02LoreDialogs;false;maleorcsad;sad;[I'M SAD] I was injured and could not fight. [I'M SAD] I thought that was the end for me.;results\Data\Sound\Voice\DawnOfTheSilverHand.esp\MaleOrc\DSilHand_A_DSilHand_A02Ku__00011A68_10.xwm
18;DSilHand_A02LoreDialogs;false;maleorchappy;happy;[I'M HAPPY] But suddenly Krev and Fjol appeared and killed the beast.;results\Data\Sound\Voice\DawnOfTheSilverHand.esp\MaleOrc\DSilHand_A_DSilHand_A02Ku__00011A68_11.xwm
19;DSilHand_A02LoreDialogs;false;maleorchappy;happy;[I'M HAPPY] My life had gained a new purpose. [I'M HAPPY] I Joined the Silver Hands and I'm helping with the forge since then.;results\Data\Sound\Voice\DawnOfTheSilverHand.esp\MaleOrc\DSilHand_A_DSilHand_A02Ku__00011A68_12.xwm
20;DSilHand_A02LoreDialogs;false;femaleeventonedneutral;neutral; That's a long story...  I was a member of a hunter's guild in Valenwood some years ago.;results\Data\Sound\Voice\DawnOfTheSilverHand.esp\FemaleEvenToned\DSilHand_A_DSilHand_A02Hi__00011A67_1.xwm
21;DSilHand_A02LoreDialogs;false;femaleeventonedhappy;happy;[I'M HAPPY] But I always wanted to travel to the other provinces in Tamriel. [I'M HAPPY] To explore the world...;results\Data\Sound\Voice\DawnOfTheSilverHand.esp\FemaleEvenToned\DSilHand_A_DSilHand_A02Hi__00011A67_2.xwm
22;DSilHand_A02LoreDialogs;false;femaleeventonedpuzzled;puzzled;[I'M PUZZLED] In my researches, I discovered about some werewolf hunters here in Skyrim. [I'M PUZZLED] But I couldn't find any clear information about where they reside.;results\Data\Sound\Voice\DawnOfTheSilverHand.esp\FemaleEvenToned\DSilHand_A_DSilHand_A02Hi__00011A67_3.xwm
23;DSilHand_A02LoreDialogs;false;femaleeventonedpuzzled;puzzled;[I'M PUZZLED] I went to Whiterun, to seek information. [I'M PUZZLED] But some people started to act strangely towards me.;results\Data\Sound\Voice\DawnOfTheSilverHand.esp\FemaleEvenToned\DSilHand_A_DSilHand_A02Hi__00011A67_4.xwm
24;DSilHand_A02LoreDialogs;false;femaleeventonedanger;anger;[I'M ANGRY] In the next day a strong guy punched me in the face, and summoned me to leave the city in twenty-four hours if I wanted to stay alive.;results\Data\Sound\Voice\DawnOfTheSilverHand.esp\FemaleEvenToned\DSilHand_A_DSilHand_A02Hi__00011A67_5.xwm
25;DSilHand_A02LoreDialogs;false;femaleeventonedsad;sad;[I'M SAD] I tried to talk with the guards, but it was useless.;results\Data\Sound\Voice\DawnOfTheSilverHand.esp\FemaleEvenToned\DSilHand_A_DSilHand_A02Hi__00011A67_6.xwm
26;DSilHand_A02LoreDialogs;false;femaleeventonedneutral;neutral; In the same day I was heading back to Vallenwod.;results\Data\Sound\Voice\DawnOfTheSilverHand.esp\FemaleEvenToned\DSilHand_A_DSilHand_A02Hi__00011A67_7.xwm
27;DSilHand_A02LoreDialogs;false;femaleeventonedhappy;happy;[I'M HAPPY] But, when I was outside the city, a farmer came toward me and told me where I should go to meet the Werewolf Hunters.;results\Data\Sound\Voice\DawnOfTheSilverHand.esp\FemaleEvenToned\DSilHand_A_DSilHand_A02Hi__00011A67_8.xwm
28;DSilHand_A02LoreDialogs;false;femaleeventonedhappy;happy;[I'M HAPPY] I joined and I'm here since then. [I'M HAPPY] Later I discovered that the farmer was Irrokas, our spy.;results\Data\Sound\Voice\DawnOfTheSilverHand.esp\FemaleEvenToned\DSilHand_A_DSilHand_A02Hi__00011A67_9.xwm
29;DSilHand_A02LoreDialogs;false;femaleeventonedneutral;neutral; But, when I was outside the city, a farmer came toward me and told me where I should go to meet the Werewolf Hunters.;results\Data\Sound\Voice\DawnOfTheSilverHand.esp\FemaleEvenToned\DSilHand_A_DSilHand_A02Hi__00011A67_10.xwm
30;DSilHand_A02LoreDialogs;false;malekhajiithappy;happy;[I'M HAPPY] Well, it happened some years ago after I fled from Cyrodil.;results\Data\Sound\Voice\DawnOfTheSilverHand.esp\MaleKhajiit\DSilHand_A_DSilHand_A02Se__00011A66_1.xwm
31;DSilHand_A02LoreDialogs;false;malekhajiitsad;sad;[I'M SAD] I was a prisoner in Bruma... [I'M SAD] I had some problems with the guards in the city.;results\Data\Sound\Voice\DawnOfTheSilverHand.esp\MaleKhajiit\DSilHand_A_DSilHand_A02Se__00011A66_2.xwm
32;DSilHand_A02LoreDialogs;false;malekhajiitneutral;neutral; I managed to escape and fled to Skyrim...;results\Data\Sound\Voice\DawnOfTheSilverHand.esp\MaleKhajiit\DSilHand_A_DSilHand_A02Se__00011A66_3.xwm
33;DSilHand_A02LoreDialogs;false;malekhajiitsad;sad;[I'M SAD] When I finished the Pale Pass' crossing and arrived in Skyrim, I was freezing to death and starving...;results\Data\Sound\Voice\DawnOfTheSilverHand.esp\MaleKhajiit\DSilHand_A_DSilHand_A02Se__00011A66_4.xwm
34;DSilHand_A02LoreDialogs;false;malekhajiithappy;happy;[I'M HAPPY] Then, a Silver Hand group led by Krev found me. [I'M HAPPY] They gave me food and shelter.;results\Data\Sound\Voice\DawnOfTheSilverHand.esp\MaleKhajiit\DSilHand_A_DSilHand_A02Se__00011A66_5.xwm
35;DSilHand_A02LoreDialogs;false;malekhajiithappy;happy;[I'M HAPPY] They received me as a brother. [I'M HAPPY] No one outside Elsweyr had ever treated me like this before.;results\Data\Sound\Voice\DawnOfTheSilverHand.esp\MaleKhajiit\DSilHand_A_DSilHand_A02Se__00011A66_6.xwm
36;DSilHand_A02LoreDialogs;false;malekhajiithappy;happy;[I'M HAPPY] I'm here since then.;results\Data\Sound\Voice\DawnOfTheSilverHand.esp\MaleKhajiit\DSilHand_A_DSilHand_A02Se__00011A66_7.xwm
37;DSilHand_A03PlayerHouse;false;malekhajiitneutral;neutral; Very well!;results\Data\Sound\Voice\DawnOfTheSilverHand.esp\MaleKhajiit\DSilHand_A_DSilHand_A03AD__0000AE3E_1.xwm
38;DSilHand_A03PlayerHouse;false;malekhajiitneutral;neutral;;results\Data\Sound\Voice\DawnOfTheSilverHand.esp\MaleKhajiit\DSilHand_A_DSilHand_A03AD__0000AE3C_1.xwm
39;DSilHand_A03PlayerHouse;false;malekhajiitneutral;neutral;;results\Data\Sound\Voice\DawnOfTheSilverHand.esp\MaleKhajiit\DSilHand_A_DSilHand_A03AD__0000AE39_1.xwm
40;DSilHand_A03PlayerHouse;false;malekhajiitneutral;neutral;;results\Data\Sound\Voice\DawnOfTheSilverHand.esp\MaleKhajiit\DSilHand_A_DSilHand_A03AD__0000AE37_1.xwm
41;DSilHand_A03PlayerHouse;false;malekhajiitneutral;neutral;;results\Data\Sound\Voice\DawnOfTheSilverHand.esp\MaleKhajiit\DSilHand_A_DSilHand_A03AD__0000AE35_1.xwm
42;DSilHand_A03PlayerHouse;false;malekhajiithappy;happy;[I'M HAPPY] All right.;results\Data\Sound\Voice\DawnOfTheSilverHand.esp\MaleKhajiit\DSilHand_A_DSilHand_A03AD__0000AE33_1.xwm
43;DSilHand_A03PlayerHouse;false;malekhajiithappy;happy;[I'M HAPPY] I'll make the arrangements. [I'M HAPPY] The next time you go to your quarter, your new furnishings will be in place.;results\Data\Sound\Voice\DawnOfTheSilverHand.esp\MaleKhajiit\DSilHand_A_DSilHand_A03AD__0000AE31_1.xwm
44;DSilHand_A03PlayerHouse;false;malekhajiithappy;happy;[I'M HAPPY] I'll be glad to help you improve your quarters, if you have the coin.;results\Data\Sound\Voice\DawnOfTheSilverHand.esp\MaleKhajiit\DSilHand_A_DSilHand_A03AD__0000AE2F_1.xwm
45;DSilHand_A03PlayerHouse;false;malekhajiitneutral;neutral; Now, what things you would like me to purchase?;results\Data\Sound\Voice\DawnOfTheSilverHand.esp\MaleKhajiit\DSilHand_A_DSilHand_A03AD__0000AE2F_2.xwm
46;DSilHand_iM90Trigger;false;maleeventonedaccentedneutral;neutral; Ow...  let me see...;results\Data\Sound\Voice\DawnOfTheSilverHand.esp\MaleEvenTonedAccented\DSilHand_i_DSilHand_iM90_A_00049F51_1.xwm
47;DSilHand_iM90Trigger;false;maleeventonedaccentedneutral;neutral; I see...  So what Vignar said was true...  Kodlack was trying to find a cure...;results\Data\Sound\Voice\DawnOfTheSilverHand.esp\MaleEvenTonedAccented\DSilHand_i_DSilHand_iM90_A_00049F51_2.xwm
48;DSilHand_iM90Trigger;false;maleeventonedaccentedneutral;neutral; So...  the witches responsible for the curse are on Glenmoril Coven...;results\Data\Sound\Voice\DawnOfTheSilverHand.esp\MaleEvenTonedAccented\DSilHand_i_DSilHand_iM90_A_00049F51_3.xwm
49;DSilHand_iM90Trigger;false;maleeventonedaccentedneutral;neutral; He believed that he could achieve the cure by burning a Witch's head in the Flame of the Harbinger...;results\Data\Sound\Voice\DawnOfTheSilverHand.esp\MaleEvenTonedAccented\DSilHand_i_DSilHand_iM90_A_00049F51_4.xwm
50;DSilHand_iM90Trigger;false;maleeventonedaccentedneutral;neutral; Since he has regret at the end of his life, the least we should do is try to save his soul in this way.;results\Data\Sound\Voice\DawnOfTheSilverHand.esp\MaleEvenTonedAccented\DSilHand_i_DSilHand_iM90_A_00049F51_5.xwm
51;DSilHand_iM90Trigger;false;maleeventonedaccentedneutral;neutral; We shall do that in honor of Ysgramor.;results\Data\Sound\Voice\DawnOfTheSilverHand.esp\MaleEvenTonedAccented\DSilHand_i_DSilHand_iM90_A_00049F51_6.xwm
52;DSilHand_iS01Trigger;false;maleorcneutral;neutral; Perfect!  I need 20 vessels of Dwrammer oil, 20 pots of fire salts, 10 pots of void salts, and 20 ingots of quicksilver.;results\Data\Sound\Voice\DawnOfTheSilverHand.esp\MaleOrc\DSilHand_i_DSilHand_iS01FM_0003F78B_1.xwm
53;DSilHand_iS01Trigger;false;maleorcneutral;neutral; Ok.  Come back if you change your mind.;results\Data\Sound\Voice\DawnOfTheSilverHand.esp\MaleOrc\DSilHand_i_DSilHand_iS01FM_0003F78C_1.xwm
54;DSilHand_iS01Trigger;false;maleorcneutral;neutral; Ah, yes...  Fjol discovered this method in some ancient books he found in a lost ruin.;results\Data\Sound\Voice\DawnOfTheSilverHand.esp\MaleOrc\DSilHand_i_DSilHand_iS01FM_0003F789_1.xwm
55;DSilHand_iS01Trigger;false;maleorcneutral;neutral; We worked hard on mastering the method.  After many tries, we could reconstruct this ancient recipe.;results\Data\Sound\Voice\DawnOfTheSilverHand.esp\MaleOrc\DSilHand_i_DSilHand_iS01FM_0003F789_2.xwm
56;DSilHand_iS01Trigger;false;maleorcneutral;neutral; Unfortunately, we are running out of the materials required.;results\Data\Sound\Voice\DawnOfTheSilverHand.esp\MaleOrc\DSilHand_i_DSilHand_iS01FM_0003F789_3.xwm
57;DSilHand_iS01Trigger;false;maleorcneutral;neutral; Let's make a deal: you go search for the materials, I will teach you everything I know about silver forgering.;results\Data\Sound\Voice\DawnOfTheSilverHand.esp\MaleOrc\DSilHand_i_DSilHand_iS01FM_0003F789_4.xwm
58;DSilHand_iS01Trigger;false;maleorcsurprise;surprise;[I'M SURPRISED] Yes, I'm. [I'M SURPRISED] I believe you are the new recruit, right? [I'M SURPRISED] I heard a lot about you.;results\Data\Sound\Voice\DawnOfTheSilverHand.esp\MaleOrc\DSilHand_i_DSilHand_iS01FM_0003F786_1.xwm
59;DSilHand_M10SilverHunt;false;malecommonerneutral;neutral; Good look out there.  May Ysgramor guide your path.;results\Data\Sound\Voice\DawnOfTheSilverHand.esp\MaleCommoner\DSilHand_M_DSilHand_M10GG__00009DFA_1.xwm
60;DSilHand_M10SilverHunt;false;malecommonerneutral;neutral; Good look out there.  May Ysgramor guide your path.;results\Data\Sound\Voice\DawnOfTheSilverHand.esp\MaleCommoner\DSilHand_M_DSilHand_M10GG__00009DF9_1.xwm
61;DSilHand_M10SilverHunt;false;malecommonerdisgust;disgust;[THIS IS DISGUSTING] The Companions in Whiterun...;results\Data\Sound\Voice\DawnOfTheSilverHand.esp\MaleCommoner\DSilHand_M_DSilHand_M10GG__00009DF3_1.xwm
62;DSilHand_M10SilverHunt;false;malecommonerneutral;neutral; Go to Cold Rock Pass and kill the Frost Troll living there.  The bigger one.  Come back with a proof of your hunt.  Then we may talk again.;results\Data\Sound\Voice\DawnOfTheSilverHand.esp\MaleCommoner\DSilHand_M_DSilHand_M10GG__00009DF0_1.xwm
63;DSilHand_M10SilverHunt;false;malecommonerneutral;neutral; If  you are unable to kill that frost troll, you will be unable to kill werewolves anyway.;results\Data\Sound\Voice\DawnOfTheSilverHand.esp\MaleCommoner\DSilHand_M_DSilHand_M10GG__00009DF0_2.xwm
64;DSilHand_M10SilverHunt;false;malecommoneranger;anger;[I'M ANGRY] So get you of here before I kill you.;results\Data\Sound\Voice\DawnOfTheSilverHand.esp\MaleCommoner\DSilHand_M_DSilHand_M10GG__00009DF5_1.xwm
65;DSilHand_M10SilverHunt;false;malecommoneranger;anger;[I'M ANGRY] So get you of here before I kill you.;results\Data\Sound\Voice\DawnOfTheSilverHand.esp\MaleCommoner\DSilHand_M_DSilHand_M10GG__00009DF4_1.xwm
66;DSilHand_M10SilverHunt;false;malecommonerneutral;neutral; So get you of here before I kill you.;results\Data\Sound\Voice\DawnOfTheSilverHand.esp\MaleCommoner\DSilHand_M_DSilHand_M10GG__00009DF6_1.xwm
67;DSilHand_M10SilverHunt;false;malecommonerdisgust;disgust;[THIS IS DISGUSTING] That's because we have powerful enemies out there...;results\Data\Sound\Voice\DawnOfTheSilverHand.esp\MaleCommoner\DSilHand_M_DSilHand_M10GG__00009DF1_1.xwm
68;DSilHand_M10SilverHunt;false;malecommonerneutral;neutral; That is not a simple question.  As I said, our group eighter hunts and is persecuted by powerful enemies.;results\Data\Sound\Voice\DawnOfTheSilverHand.esp\MaleCommoner\DSilHand_M_DSilHand_M10GG__00009DEE_1.xwm
69;DSilHand_M10SilverHunt;false;malecommonerneutral;neutral; First we have to know if you are trustful and worth joining us.  Therefore, you must complete an initiation task.;results\Data\Sound\Voice\DawnOfTheSilverHand.esp\MaleCommoner\DSilHand_M_DSilHand_M10GG__00009DEE_2.xwm
70;DSilHand_M10SilverHunt;false;malecommonerneutral;neutral; We are the Silver Hand.  We are werewolf hunters.;results\Data\Sound\Voice\DawnOfTheSilverHand.esp\MaleCommoner\DSilHand_M_DSilHand_M10GG__00009DE7_1.xwm
71;DSilHand_M10SilverHunt;false;malecommoneranger;anger;[I'M ANGRY] So get out of here!;results\Data\Sound\Voice\DawnOfTheSilverHand.esp\MaleCommoner\DSilHand_M_DSilHand_M10GG__00009DE5_1.xwm
72;DSilHand_M10SilverHunt;false;malecommonerneutral;neutral; Stop right there.  What do you want?;results\Data\Sound\Voice\DawnOfTheSilverHand.esp\MaleCommoner\DSilHand_M_DSilHand_M10GG__00009DE3_1.xwm
73;DSilHand_M10SilverHunt;false;malenorddisgust;disgust;[THIS IS DISGUSTING] I can sense the presence of evil daedra here in this city. [THIS IS DISGUSTING] Go to Gallows Rock if you want to know the truth.;results\Data\Sound\Voice\DawnOfTheSilverHand.esp\MaleNord\DSilHand_M_DSilHand_M10DH__00009878_1.xwm
74;DSilHand_M10SilverHunt;false;malenorddisgust;disgust;[THIS IS DISGUSTING] I can smell a dirty wolf's stink in this city... [THIS IS DISGUSTING] My senses do not fool me. [THIS IS DISGUSTING] There is daedric influence nearby.;results\Data\Sound\Voice\DawnOfTheSilverHand.esp\MaleNord\DSilHand_M_DSilHand_M10DH__00009875_1.xwm
75;DSilHand_M10SilverHunt;false;malenordneutral;neutral; Now, you are officially a silver hand initiate.  Take this armor and shield.;results\Data\Sound\Voice\DawnOfTheSilverHand.esp\MaleNord\DSilHand_M_DSilHand_M10GMK_0000EED7_1.xwm
76;DSilHand_M10SilverHunt;false;malenordneutral;neutral; They are not expensive ones, but are especially good to protect against the cold weather of the ice fields.;results\Data\Sound\Voice\DawnOfTheSilverHand.esp\MaleNord\DSilHand_M_DSilHand_M10GMK_0000EED7_2.xwm
77;DSilHand_M10SilverHunt;false;malenordneutral;neutral; Take this weapon!  It is a Silver sword.  It will protect you against the foul creatures we fight.;results\Data\Sound\Voice\DawnOfTheSilverHand.esp\MaleNord\DSilHand_M_DSilHand_M10GMK_0000EED7_3.xwm
78;DSilHand_M10SilverHunt;false;malenordneutral;neutral; I will give you this book too, it is called Songs of Return, volume seven.;results\Data\Sound\Voice\DawnOfTheSilverHand.esp\MaleNord\DSilHand_M_DSilHand_M10GMK_0000EED7_4.xwm
79;DSilHand_M10SilverHunt;false;malenordneutral;neutral; Read it!  You will learn more about the Ysgramor and its legacy.;results\Data\Sound\Voice\DawnOfTheSilverHand.esp\MaleNord\DSilHand_M_DSilHand_M10GMK_0000EED7_5.xwm
80;DSilHand_M10SilverHunt;false;malenordneutral;neutral; Each Silver Hand must read one of this.;results\Data\Sound\Voice\DawnOfTheSilverHand.esp\MaleNord\DSilHand_M_DSilHand_M10GMK_0000EED7_6.xwm
81;DSilHand_M10SilverHunt;false;malenordneutral;neutral; Downstairs, there is a library, where you will find others useful books, if you are interested.;results\Data\Sound\Voice\DawnOfTheSilverHand.esp\MaleNord\DSilHand_M_DSilHand_M10GMK_0000EED7_7.xwm
82;DSilHand_M10SilverHunt;false;malenorddisgust;disgust;[THIS IS DISGUSTING] We fight against these beasts to cleanse this foul daedric disease that has taken the sanity of many of our brothers and sisters here on Skyrim.;results\Data\Sound\Voice\DawnOfTheSilverHand.esp\MaleNord\DSilHand_M_DSilHand_M10GMK_0000EED4_1.xwm
83;DSilHand_M10SilverHunt;false;malenordanger;anger;[I'M ANGRY] But worst, this curse corrupted the souls of many sons of Skyrim, taking them away from Sovngarde in exchange of an ephemeral power in life.;results\Data\Sound\Voice\DawnOfTheSilverHand.esp\MaleNord\DSilHand_M_DSilHand_M10GMK_0000EED4_2.xwm
84;DSilHand_M10SilverHunt;false;malenorddisgust;disgust;[THIS IS DISGUSTING] But you must be aware. [THIS IS DISGUSTING] No only beggars and forgotten people have lycanthropy here on Skyrim.;results\Data\Sound\Voice\DawnOfTheSilverHand.esp\MaleNord\DSilHand_M_DSilHand_M10GMK_0000EED4_3.xwm
85;DSilHand_M10SilverHunt;false;malenordanger;anger;[I'M ANGRY] Many influential and powerful people have this curse... [I'M ANGRY] or 'gift' as they say...;results\Data\Sound\Voice\DawnOfTheSilverHand.esp\MaleNord\DSilHand_M_DSilHand_M10GMK_0000EED4_4.xwm
86;DSilHand_M10SilverHunt;false;malenordneutral;neutral; If you become a Silver Hand, you will have to fight against strong people, but also politically powerful  as well.;results\Data\Sound\Voice\DawnOfTheSilverHand.esp\MaleNord\DSilHand_M_DSilHand_M10GMK_0000EED4_5.xwm
87;DSilHand_M10SilverHunt;false;malenordpuzzled;puzzled;[I'M PUZZLED] After all I said, do you still want to become a Silver Hand?;results\Data\Sound\Voice\DawnOfTheSilverHand.esp\MaleNord\DSilHand_M_DSilHand_M10GMK_0000EED4_6.xwm
88;DSilHand_M10SilverHunt;false;malenordneutral;neutral; This is an honor cause that every sons and daughters of Skyrim who wish to go Sovngarde one day, must fight for.;results\Data\Sound\Voice\DawnOfTheSilverHand.esp\MaleNord\DSilHand_M_DSilHand_M10GMK_0000E96F_1.xwm
89;DSilHand_M10SilverHunt;false;malenordneutral;neutral; But I have more things to say before you can join us.;results\Data\Sound\Voice\DawnOfTheSilverHand.esp\MaleNord\DSilHand_M_DSilHand_M10GMK_0000E96F_2.xwm
90;DSilHand_M10SilverHunt;false;malenordneutral;neutral; An adventure seeker eh?  We need more people like you here.;results\Data\Sound\Voice\DawnOfTheSilverHand.esp\MaleNord\DSilHand_M_DSilHand_M10GMK_0000E96D_1.xwm
91;DSilHand_M10SilverHunt;false;malenordneutral;neutral; But I have more things to say before you can join us.;results\Data\Sound\Voice\DawnOfTheSilverHand.esp\MaleNord\DSilHand_M_DSilHand_M10GMK_0000E96D_2.xwm
92;DSilHand_M10SilverHunt;false;malenordhappy;happy;[I'M HAPPY] Yes I'm! [I'M HAPPY] Welcome! [I'M HAPPY] You did well against the frost troll on the Cold Rock Pass. [I'M HAPPY] Congratulations! [I'M HAPPY] You proceed well on our initiation.;results\Data\Sound\Voice\DawnOfTheSilverHand.esp\MaleNord\DSilHand_M_DSilHand_M10GMK_0000E96B_1.xwm
93;DSilHand_M10SilverHunt;false;malenordneutral;neutral; But, before we proceed, I have a question.  Why do you want to join the Silver Hands?;results\Data\Sound\Voice\DawnOfTheSilverHand.esp\MaleNord\DSilHand_M_DSilHand_M10GMK_0000E96B_2.xwm
94;DSilHand_M10SilverHunt;false;malecommonerhappy;happy;[I'M HAPPY][I'M ECSTATIC] I knew you would succedded. [I'M HAPPY][I'M ECSTATIC] Go talk to 'Krev the Skinner', our leader. [I'M HAPPY][I'M ECSTATIC] He is in the main Hall. [I'M HAPPY][I'M ECSTATIC] He is waiting for you. [I'M HAPPY][I'M ECSTATIC] Good Luck!;results\Data\Sound\Voice\DawnOfTheSilverHand.esp\MaleCommoner\DSilHand_M_DSIlHand_M10GAT_0000DEA3_1.xwm
95;DSilHand_M10SilverHunt;false;malebruteneutral;neutral; It is not an easy task.  But if you want to know if you are worth, go to Gallows Rock.;results\Data\Sound\Voice\DawnOfTheSilverHand.esp\MaleBrute\DSilHand_M_DSilHand_M10Ds__00009DE2_1.xwm
96;DSilHand_M10SilverHunt;false;malebruteneutral;neutral; I'm a Silver Hand.  We are werewolf hunters.;results\Data\Sound\Voice\DawnOfTheSilverHand.esp\MaleBrute\DSilHand_M_DSilHand_M10Ds__00009DE0_1.xwm
97;DSilHand_M10SilverHunt;false;malebruteanger;anger;[I'M ANGRY] So get out of here!;results\Data\Sound\Voice\DawnOfTheSilverHand.esp\MaleBrute\DSilHand_M_DSilHand_M10Ds__0000987B_1.xwm
98;DSilHand_M10SilverHunt;false;malebruteanger;anger;[I'M ANGRY] Stop right there. [I'M ANGRY] What do you want?;results\Data\Sound\Voice\DawnOfTheSilverHand.esp\MaleBrute\DSilHand_M_DSilHand_M10Ds__00009879_1.xwm
99;DSilHand_M20AngarvundesTreasure;false;femaleeventonedhappy;happy;[I'M HAPPY] We did it! [I'M HAPPY] You found the fragment! [I'M HAPPY] Let's not waste any time. [I'M HAPPY] We must return to Gallows Rock and bring it to Krev.;results\Data\Sound\Voice\DawnOfTheSilverHand.esp\FemaleEvenToned\DSilHand_M_DSilHand_M20HC__00013A6E_1.xwm
100;DSilHand_M20AngarvundesTreasure;false;malenordneutral;neutral; The Wuuthrad axe is a legendary weapon owned by the great Nord hero, Ysgramor, the spiritual leader of our group.;results\Data\Sound\Voice\DawnOfTheSilverHand.esp\MaleNord\DSilHand_M_DSilHand_M20KS__00013A65_1.xwm
101;DSilHand_M20AngarvundesTreasure;false;malenordneutral;neutral; The story tells it was forged by his son, Yngol, a day after the Night of Tears.;results\Data\Sound\Voice\DawnOfTheSilverHand.esp\MaleNord\DSilHand_M_DSilHand_M20KS__00013A65_2.xwm
102;DSilHand_M20AngarvundesTreasure;false;malenordneutral;neutral; He used the tears of grief from his father, made of pure ebony.;results\Data\Sound\Voice\DawnOfTheSilverHand.esp\MaleNord\DSilHand_M_DSilHand_M20KS__00013A65_3.xwm
103;DSilHand_M20AngarvundesTreasure;false;malenordneutral;neutral; But it was broken into dozens of pieces, many centuries ago.;results\Data\Sound\Voice\DawnOfTheSilverHand.esp\MaleNord\DSilHand_M_DSilHand_M20KS__00013A65_4.xwm
104;DSilHand_M20AngarvundesTreasure;false;malenordneutral;neutral; The fragments were spread all across Tamriel.  We, the Silver Hands, have been looking for the fragments since our foundation.;results\Data\Sound\Voice\DawnOfTheSilverHand.esp\MaleNord\DSilHand_M_DSilHand_M20KS__00013A65_5.xwm
105;DSilHand_M20AngarvundesTreasure;false;malenordneutral;neutral; I received a letter this morning from Fjol, the leader of the Driftshade Refugee camp.  He is the second after my command.;results\Data\Sound\Voice\DawnOfTheSilverHand.esp\MaleNord\DSilHand_M_DSilHand_M20KS__00013A65_6.xwm
106;DSilHand_M20AngarvundesTreasure;false;malenordneutral;neutral; His research led him to conclude that a possible location of one of the remaining fragments is an old Nordic ruin on the Rift.;results\Data\Sound\Voice\DawnOfTheSilverHand.esp\MaleNord\DSilHand_M_DSilHand_M20KS__00013A65_7.xwm
107;DSilHand_M20AngarvundesTreasure;false;malenordneutral;neutral; Talk to Hillara.  She will accompany you on this adventure.;results\Data\Sound\Voice\DawnOfTheSilverHand.esp\MaleNord\DSilHand_M_DSilHand_M20KS__00013A65_8.xwm
108;DSilHand_M20AngarvundesTreasure;false;malenordhappy;happy;[I'M HAPPY] I have the first task for you. [I'M HAPPY] Have you heard about the Wuuthrad axe?;results\Data\Sound\Voice\DawnOfTheSilverHand.esp\MaleNord\DSilHand_M_DSilHand_M20KS__00013A63_1.xwm
109;DSilHand_M20AngarvundesTreasure;false;femaleeventonedhappy;happy;[I'M HAPPY] Lead the way.;results\Data\Sound\Voice\DawnOfTheSilverHand.esp\FemaleEvenToned\DSilHand_M_DSilHand_M20HM__00013A6A_1.xwm
110;DSilHand_M20AngarvundesTreasure;false;femaleeventonedsurprise;surprise;[I'M SURPRISED] Aw yes. [I'M SURPRISED] Krev told me about the clues Fjol was able to find.;results\Data\Sound\Voice\DawnOfTheSilverHand.esp\FemaleEvenToned\DSilHand_M_DSilHand_M20HM__00013A68_1.xwm
111;DSilHand_M20AngarvundesTreasure;false;femaleeventonedhappy;happy;[I'M HAPPY] He believes that one of the missing fragments of Ysgramor's axe is part of the Angarvunde treasure trove.;results\Data\Sound\Voice\DawnOfTheSilverHand.esp\FemaleEvenToned\DSilHand_M_DSilHand_M20HM__00013A68_2.xwm
112;DSilHand_M20AngarvundesTreasure;false;femaleeventonedhappy;happy;[I'M HAPPY] I'll mark the location of the tomb on your map. [I'M HAPPY] It is located between Riften and Ivarstead.;results\Data\Sound\Voice\DawnOfTheSilverHand.esp\FemaleEvenToned\DSilHand_M_DSilHand_M20HM__00013A68_3.xwm
113;DSilHand_M20AngarvundesTreasure;false;malenordneutral;neutral; By Ysgramor!  You did it.  You found the fragment!  Fjol was right once again.  Congratulations.  You are doing very well brother.;results\Data\Sound\Voice\DawnOfTheSilverHand.esp\MaleNord\DSilHand_M_DSilHand_M20KF__00013A72_1.xwm
114;DSilHand_M20AngarvundesTreasure;false;malenordneutral;neutral; You should meet Fjol.  He will have other tasks for you.;results\Data\Sound\Voice\DawnOfTheSilverHand.esp\MaleNord\DSilHand_M_DSilHand_M20KF__00013A72_2.xwm
115;DSilHand_M30ScholarFragment;false;maleelfhaughtyhappy;happy;;results\Data\Sound\Voice\DawnOfTheSilverHand.esp\MaleElfHaughty\DSilHand_M_DSilHand_M30_WI_00015AD6_1.xwm
116;DSilHand_M30ScholarFragment;false;maleeventonedaccentedhappy;happy;[I'M HAPPY] Good! [I'M HAPPY] Before we continue, I need to thank you for your efforts so far.;results\Data\Sound\Voice\DawnOfTheSilverHand.esp\MaleEvenTonedAccented\DSilHand_M_DSilHand_M30_FF_0001603F_1.xwm
117;DSilHand_M30ScholarFragment;false;maleeventonedaccentedneutral;neutral; Take this sword as a reward.  It is a silver sword, but with a secret tempering method that uses dwemer oil.;results\Data\Sound\Voice\DawnOfTheSilverHand.esp\MaleEvenTonedAccented\DSilHand_M_DSilHand_M30_FF_0001603F_2.xwm
118;DSilHand_M30ScholarFragment;false;maleeventonedaccentedneutral;neutral; This tempering makes it as hard and sharp as ebony.;results\Data\Sound\Voice\DawnOfTheSilverHand.esp\MaleEvenTonedAccented\DSilHand_M_DSilHand_M30_FF_0001603F_3.xwm
119;DSilHand_M30ScholarFragment;false;maleeventonedaccentedhappy;happy;[I'M HAPPY] Talk with Kurdak if you want to learn more about this process.;results\Data\Sound\Voice\DawnOfTheSilverHand.esp\MaleEvenTonedAccented\DSilHand_M_DSilHand_M30_FF_0001603F_4.xwm
120;DSilHand_M30ScholarFragment;false;maleeventonedaccentedpuzzled;puzzled;[I'M PUZZLED] Let me see...;results\Data\Sound\Voice\DawnOfTheSilverHand.esp\MaleEvenTonedAccented\DSilHand_M_DSilHand_M30_FF_0001603D_1.xwm
121;DSilHand_M30ScholarFragment;false;maleeventonedaccentedhappy;happy;[I'M HAPPY][I'M ECSTATIC] That is amazing! [I'M HAPPY][I'M ECSTATIC] The mages of the college have discovered another possible location for the next fragment!;results\Data\Sound\Voice\DawnOfTheSilverHand.esp\MaleEvenTonedAccented\DSilHand_M_DSilHand_M30_FF_0001603D_2.xwm
122;DSilHand_M30ScholarFragment;false;maleeventonedaccentedpuzzled;puzzled;[I'M PUZZLED] Dustman's Cairn... [I'M PUZZLED] I know where this place is.;results\Data\Sound\Voice\DawnOfTheSilverHand.esp\MaleEvenTonedAccented\DSilHand_M_DSilHand_M30_FF_0001603D_3.xwm
123;DSilHand_M30ScholarFragment;false;maleeventonedaccentedpuzzled;puzzled;[I'M PUZZLED] The letter says they were going to inform the Companions about the location...;results\Data\Sound\Voice\DawnOfTheSilverHand.esp\MaleEvenTonedAccented\DSilHand_M_DSilHand_M30_FF_0001603D_4.xwm
124;DSilHand_M30ScholarFragment;false;maleeventonedaccentedsurprise;surprise;[I'M SURPRISED] We must hurry! [I'M SURPRISED] We must go fast and be there as soon as possible.;results\Data\Sound\Voice\DawnOfTheSilverHand.esp\MaleEvenTonedAccented\DSilHand_M_DSilHand_M30_FF_0001603D_5.xwm
125;DSilHand_M30ScholarFragment;false;maleeventonedaccentedneutral;neutral; I'll mark the location on your map.  I'll make the arrangements and gather some manpower for the excavations.;results\Data\Sound\Voice\DawnOfTheSilverHand.esp\MaleEvenTonedAccented\DSilHand_M_DSilHand_M30_FF_0001603D_6.xwm
126;DSilHand_M30ScholarFragment;false;maleeventonedaccentedneutral;neutral; Meet me there in a few hours, we must be there before the Companions!;results\Data\Sound\Voice\DawnOfTheSilverHand.esp\MaleEvenTonedAccented\DSilHand_M_DSilHand_M30_FF_0001603D_7.xwm
127;DSilHand_M30ScholarFragment;false;maleeventonedaccentedhappy;happy;[I'M HAPPY][I'M ECSTATIC] I can't believe it. [I'M HAPPY][I'M ECSTATIC] Ysgramor must be helping us from Sovngarde, somehow!;results\Data\Sound\Voice\DawnOfTheSilverHand.esp\MaleEvenTonedAccented\DSilHand_M_DSilHand_M30_FF_00015AD9_1.xwm
128;DSilHand_M30ScholarFragment;false;maleeventonedaccentedneutral;neutral; Good Brother!  That's the spirit!  Please, be discrete as possible.  No one should know he is our informant.;results\Data\Sound\Voice\DawnOfTheSilverHand.esp\MaleEvenTonedAccented\DSilHand_M_DSilHand_M30_FM_00015AD3_1.xwm
129;DSilHand_M30ScholarFragment;false;maleeventonedaccentedsad;sad;[I'M SAD] This is a long history. [I'M SAD] Let's I and Krev were invited to become beasts, and refused the 'gift'.;results\Data\Sound\Voice\DawnOfTheSilverHand.esp\MaleEvenTonedAccented\DSilHand_M_DSilHand_M30_FM_00015AD1_1.xwm
130;DSilHand_M30ScholarFragment;false;maleeventonedaccentedanger;anger;[I'M ANGRY] But we didn't want to stay quiet as well. [I'M ANGRY] Now, they are persecuting us.;results\Data\Sound\Voice\DawnOfTheSilverHand.esp\MaleEvenTonedAccented\DSilHand_M_DSilHand_M30_FM_00015AD1_2.xwm
131;DSilHand_M30ScholarFragment;false;maleeventonedaccentedpuzzled;puzzled;[I'M PUZZLED] Enough talk about the past... [I'M PUZZLED] Soon we may talk more about that. [I'M PUZZLED] Now I need a favor.;results\Data\Sound\Voice\DawnOfTheSilverHand.esp\MaleEvenTonedAccented\DSilHand_M_DSilHand_M30_FM_00015AD1_3.xwm
132;DSilHand_M30ScholarFragment;false;maleeventonedaccentedneutral;neutral; Could you please talk to an informant we have on Winterhold?  He is called Nelacar.;results\Data\Sound\Voice\DawnOfTheSilverHand.esp\MaleEvenTonedAccented\DSilHand_M_DSilHand_M30_FM_00015AD1_4.xwm
133;DSilHand_M30ScholarFragment;false;maleeventonedaccentedneutral;neutral; Just ask him if he still has that silver ring to sell.  If he has any good news, he will find a way to tell you.;results\Data\Sound\Voice\DawnOfTheSilverHand.esp\MaleEvenTonedAccented\DSilHand_M_DSilHand_M30_FM_00015AD1_5.xwm
134;DSilHand_M30ScholarFragment;false;maleeventonedaccentedanger;anger;[I'M ANGRY] Their leaders. [I'M ANGRY] They say they are all equals. [I'M ANGRY] That was true in the past. [I'M ANGRY] Centuries ago.;results\Data\Sound\Voice\DawnOfTheSilverHand.esp\MaleEvenTonedAccented\DSilHand_M_DSilHand_M30_FM_00015ACF_1.xwm
135;DSilHand_M30ScholarFragment;false;maleeventonedaccentedanger;anger;[I'M ANGRY] Before they started to worship Hircine. [I'M ANGRY] Now, all the members of the circle share the same beast blood.;results\Data\Sound\Voice\DawnOfTheSilverHand.esp\MaleEvenTonedAccented\DSilHand_M_DSilHand_M30_FM_00015ACF_2.xwm
136;DSilHand_M30ScholarFragment;false;maleeventonedaccenteddisgust;disgust;[THIS IS DISGUSTING] Yes. [THIS IS DISGUSTING] The Companions. [THIS IS DISGUSTING] The members of the circle. [THIS IS DISGUSTING] They are werewolves. [THIS IS DISGUSTING] All of them.;results\Data\Sound\Voice\DawnOfTheSilverHand.esp\MaleEvenTonedAccented\DSilHand_M_DSilHand_M30_FM_00015ACD_1.xwm
137;DSilHand_M30ScholarFragment;false;maleeventonedaccentedhappy;happy;[I'M HAPPY][I'M ECSTATIC] Is that true? [I'M HAPPY][I'M ECSTATIC] Brave! [I'M HAPPY][I'M ECSTATIC] We are one piece closer to finishing that puzzle!;results\Data\Sound\Voice\DawnOfTheSilverHand.esp\MaleEvenTonedAccented\DSilHand_M_DSilHand_M30_FM_00015ACB_1.xwm
138;DSilHand_M30ScholarFragment;false;maleeventonedaccentedhappy;happy;[I'M HAPPY] As Krev may have told you, we the Silver Hand have been searching for the pieces of Wuuthrad for some centuries now.;results\Data\Sound\Voice\DawnOfTheSilverHand.esp\MaleEvenTonedAccented\DSilHand_M_DSilHand_M30_FM_00015ACB_2.xwm
139;DSilHand_M30ScholarFragment;false;maleeventonedaccentedneutral;neutral; It was broken into twelve pieces hundreds of years ago.  Right now, the Dogs in Whiterun have four pieces.;results\Data\Sound\Voice\DawnOfTheSilverHand.esp\MaleEvenTonedAccented\DSilHand_M_DSilHand_M30_FM_00015ACB_3.xwm
140;DSilHand_M30ScholarFragment;false;maleeventonedaccentedhappy;happy;[I'M HAPPY] But, thanks to your help, we new have five fragments.;results\Data\Sound\Voice\DawnOfTheSilverHand.esp\MaleEvenTonedAccented\DSilHand_M_DSilHand_M30_FM_00015ACB_4.xwm
141;DSilHand_M30ScholarFragment;false;maleeventonedaccentedneutral;neutral; Yes.  I'm.  I believe you are the recruit, I'm right?;results\Data\Sound\Voice\DawnOfTheSilverHand.esp\MaleEvenTonedAccented\DSilHand_M_DSilHand_M30_FM_00015AC9_1.xwm
142;DSilHand_M40CompConspiracy;false;maleeventonedaccentedneutral;neutral; Welcome brother.  Let's recover the fragment inside this tomb.;results\Data\Sound\Voice\DawnOfTheSilverHand.esp\MaleEvenTonedAccented\DSilHand_M_DSilHand_M40ST__0002AE99_1.xwm
143;DSilHand_M40CompConspiracy;false;maleeventonedaccentedneutral;neutral; The rest of the men are already inside excavating.  But beware.  The Companions may be coming as well.  Be ready to fight.;results\Data\Sound\Voice\DawnOfTheSilverHand.esp\MaleEvenTonedAccented\DSilHand_M_DSilHand_M40ST__0002AE99_2.xwm
144;DSilHand_M40CompConspiracy;false;malenordneutral;neutral; Lead the way!;results\Data\Sound\Voice\DawnOfTheSilverHand.esp\MaleNord\DSilHand_M_DSilHand_M40CF2_0002BED9_1.xwm
145;DSilHand_M40CompConspiracy;false;malenordhappy;happy;[I'M HAPPY][I'M ECSTATIC] Great work soldier!;results\Data\Sound\Voice\DawnOfTheSilverHand.esp\MaleNord\DSilHand_M_DSilHand_M40KR__0002EF5D_1.xwm
146;DSilHand_M40CompConspiracy;false;malenordhappy;happy;[I'M HAPPY] Take this armor and weapon as a reward for your efforts. [I'M HAPPY] I promote you to  a silver hand hunter.;results\Data\Sound\Voice\DawnOfTheSilverHand.esp\MaleNord\DSilHand_M_DSilHand_M40KR__0002EF5D_2.xwm
147;DSilHand_M40CompConspiracy;false;malenordhappy;happy;[I'M HAPPY][I'M ECSTATIC] Congratulations. [I'M HAPPY][I'M ECSTATIC] Take this bear armor as a gift for your efforts.;results\Data\Sound\Voice\DawnOfTheSilverHand.esp\MaleNord\DSilHand_M_DSilHand_M40KR__0002EF5D_3.xwm
148;DSilHand_M40CompConspiracy;false;maleeventonedaccentedpuzzled;puzzled;[I'M PUZZLED] To be fair, I don't know yet... [I'M PUZZLED] We have been investigating for decades where it may be. [I'M PUZZLED] Some clues, but no confirmation...;results\Data\Sound\Voice\DawnOfTheSilverHand.esp\MaleEvenTonedAccented\DSilHand_M_DSilHand_M40FG__0002EF5A_1.xwm
149;DSilHand_M40CompConspiracy;false;maleeventonedaccentedhappy;happy;[I'M HAPPY][I'M ECSTATIC] Great! [I'M HAPPY][I'M ECSTATIC] We now have seven fragments. [I'M HAPPY][I'M ECSTATIC] The Companions four. [I'M HAPPY][I'M ECSTATIC] There is only one lost piece...;results\Data\Sound\Voice\DawnOfTheSilverHand.esp\MaleEvenTonedAccented\DSilHand_M_DSilHand_M40FG__0002E9F6_1.xwm
150;DSilHand_M40CompConspiracy;false;malebanditneutral;neutral; Go ahead, I'll stand guard!;results\Data\Sound\Voice\DawnOfTheSilverHand.esp\MaleBandit\DSilHand_M_DSilHand_M40CF1_0002BED8_1.xwm
151;DSilHand_M40CompConspiracy;false;maleeventonedaccentedhappy;happy;[I'M HAPPY] Lead the way!;results\Data\Sound\Voice\DawnOfTheSilverHand.esp\MaleEvenTonedAccented\DSilHand_M_DSilHand_M40AB__0002FA29_1.xwm
152;DSilHand_M40CompConspiracy;false;maleeventonedaccentedhappy;happy;[I'M HAPPY][I'M ECSTATIC] Great battle fellow brother! [I'M HAPPY][I'M ECSTATIC] We have just defeated one of the Circle members.;results\Data\Sound\Voice\DawnOfTheSilverHand.esp\MaleEvenTonedAccented\DSilHand_M_DSilHand_M40AB__0002BED1_1.xwm
153;DSilHand_M40CompConspiracy;false;maleeventonedaccenteddisgust;disgust;[THIS IS DISGUSTING][I'M REPULSED] That's the 'beast blood gift' they say. [THIS IS DISGUSTING][I'M REPULSED] I call it a daedric abomination... [THIS IS DISGUSTING][I'M REPULSED] Anyway, let's continue!;results\Data\Sound\Voice\DawnOfTheSilverHand.esp\MaleEvenTonedAccented\DSilHand_M_DSilHand_M40AB__0002BED1_2.xwm
154;DSilHand_M40CompConspiracy;false;maleeventonedaccentedhappy;happy;[I'M HAPPY] Let's call the brothers inside to help us.;results\Data\Sound\Voice\DawnOfTheSilverHand.esp\MaleEvenTonedAccented\DSilHand_M_DSilHand_M40AB__0002BED1_3.xwm
155;DSilHand_M50WolfAmbush;false;malenorddisgust;disgust;[THIS IS DISGUSTING] Nice you asked. [THIS IS DISGUSTING] We hard that the companions were hired to kill a beast on Falkreath hold. [THIS IS DISGUSTING] Is our chance to take one more of them out of the guard.;results\Data\Sound\Voice\DawnOfTheSilverHand.esp\MaleNord\DSilHand_M_DSilHand_M50SK__000175CD_1.xwm
156;DSilHand_M50WolfAmbush;false;malenordanger;anger;[I'M ANGRY] Have no mercy with them. [I'M ANGRY] They would not have with you.;results\Data\Sound\Voice\DawnOfTheSilverHand.esp\MaleNord\DSilHand_M_DSilHand_M50SK__000175CD_2.xwm
157;DSilHand_M60Retaliation;false;malekhajiithappy;happy;[I'M HAPPY] Good! [I'M HAPPY] We will be taking care of things here. [I'M HAPPY] We must clean up this mess, rebuild our defenses,  and make the proper funerals.;results\Data\Sound\Voice\DawnOfTheSilverHand.esp\MaleKhajiit\DSilHand_M_DSilHand_M60SE__00025819_1.xwm
158;DSilHand_M60Retaliation;false;malekhajiitneutral;neutral; Fjol will tell us the next steps.;results\Data\Sound\Voice\DawnOfTheSilverHand.esp\MaleKhajiit\DSilHand_M_DSilHand_M60SE__00025819_2.xwm
159;DSilHand_M60Retaliation;false;malekhajiitanger;anger;[I'M ANGRY][I'M FURIOUS] We were waiting to be attacked in retaliation to Farkas and Njada's death. [I'M ANGRY][I'M FURIOUS] But they attacked sooner than we expected.;results\Data\Sound\Voice\DawnOfTheSilverHand.esp\MaleKhajiit\DSilHand_M_DSilHand_M60SE__0002581A_1.xwm
160;DSilHand_M60Retaliation;false;malekhajiithappy;happy;[I'M HAPPY] Anyway, we had an important victory tonight. [I'M HAPPY] Krev must be proud of all of us now. [I'M HAPPY] Listen, Fjol needs to be notified of what happened.;results\Data\Sound\Voice\DawnOfTheSilverHand.esp\MaleKhajiit\DSilHand_M_DSilHand_M60SE__0002581A_2.xwm
161;DSilHand_M60Retaliation;false;malekhajiitpuzzled;puzzled;[I'M PUZZLED] Since he was the second in charge, he must claim our leadership now.;results\Data\Sound\Voice\DawnOfTheSilverHand.esp\MaleKhajiit\DSilHand_M_DSilHand_M60SE__0002581A_3.xwm
162;DSilHand_M60Retaliation;false;malekhajiitsad;sad;[I'M SAD] Yes, we did it, we won the battle... [I'M SAD] But we lost our Leader, Krev. [I'M SAD] May his soul rest in peace in Sovngarde.;results\Data\Sound\Voice\DawnOfTheSilverHand.esp\MaleKhajiit\DSilHand_M_DSilHand_M60SE__00024D52_1.xwm
163;DSilHand_M60Retaliation;false;malecommonerneutral;neutral; I'll be fine...  I have a healing potion...  You must hurry inside to help our brothers...;results\Data\Sound\Voice\DawnOfTheSilverHand.esp\MaleCommoner\DSilHand_M_DSilHand_M60GG__0001C14C_1.xwm
164;DSilHand_M60Retaliation;false;malecommonerneutral;neutral; Companions...  th-they came sneaky, assault the fort.  They released those beasts into the cages...  Please brother...  avenge our shed blood....  ohhh;results\Data\Sound\Voice\DawnOfTheSilverHand.esp\MaleCommoner\DSilHand_M_DSilHand_M60GG__0001C14A_1.xwm
165;DSilHand_M60Retaliation;false;maleeventonedaccentedneutral;neutral; A long time ago...  Krev and I were Companions too.  We were almost like twin brothers, we were inseparable in the battles.;results\Data\Sound\Voice\DawnOfTheSilverHand.esp\MaleEvenTonedAccented\DSilHand_M_DSilHand_M60FP__00025826_1.xwm
166;DSilHand_M60Retaliation;false;maleeventonedaccentedneutral;neutral; But one day...  We both were invited to ascend to the circle.;results\Data\Sound\Voice\DawnOfTheSilverHand.esp\MaleEvenTonedAccented\DSilHand_M_DSilHand_M60FP__00025826_2.xwm
167;DSilHand_M60Retaliation;false;maleeventonedaccentedneutral;neutral; Fortunately, Krev noticed what the circle was about, and we fled before being forced to drink the cursed wolf's blood.;results\Data\Sound\Voice\DawnOfTheSilverHand.esp\MaleEvenTonedAccented\DSilHand_M_DSilHand_M60FP__00025826_3.xwm
168;DSilHand_M60Retaliation;false;maleeventonedaccentedneutral;neutral; Since then, we have been fighting for the Silver Hand.  They didn't know but Krev's mother was murdered by a werewolf...;results\Data\Sound\Voice\DawnOfTheSilverHand.esp\MaleEvenTonedAccented\DSilHand_M_DSilHand_M60FP__00025826_4.xwm
169;DSilHand_M60Retaliation;false;maleeventonedaccentedneutral;neutral; We have been hiring valiant warriors who hate werewolves and Daedra more than anything.;results\Data\Sound\Voice\DawnOfTheSilverHand.esp\MaleEvenTonedAccented\DSilHand_M_DSilHand_M60FP__00025826_5.xwm
170;DSilHand_M60Retaliation;false;maleeventonedaccentedneutral;neutral; Now, the Silver Hand had grown stronger than ever.  But enough talk.  We must celebrate our victory.  Come on, let's celebrate!;results\Data\Sound\Voice\DawnOfTheSilverHand.esp\MaleEvenTonedAccented\DSilHand_M_DSilHand_M60FP__00025826_6.xwm
171;DSilHand_M60Retaliation;false;maleeventonedaccentedneutral;neutral; Even though many of us have perished, this was a great victory for sure.;results\Data\Sound\Voice\DawnOfTheSilverHand.esp\MaleEvenTonedAccented\DSilHand_M_DSilHand_M60FP__00025825_1.xwm
172;DSilHand_M60Retaliation;false;maleeventonedaccentedneutral;neutral; You know...  I must tell you some things...;results\Data\Sound\Voice\DawnOfTheSilverHand.esp\MaleEvenTonedAccented\DSilHand_M_DSilHand_M60FP__00025825_2.xwm
173;DSilHand_M60Retaliation;false;maleeventonedaccentedsad;sad;[I'M SAD][I'M DEVASTATED] No... [I'M SAD][I'M DEVASTATED] Krev... [I'M SAD][I'M DEVASTATED] My best friend... [I'M SAD][I'M DEVASTATED] but... [I'M SAD][I'M DEVASTATED] He must be better than us now, for sure!;results\Data\Sound\Voice\DawnOfTheSilverHand.esp\MaleEvenTonedAccented\DSilHand_M_DSilHand_M60FP__00025824_1.xwm
174;DSilHand_M60Retaliation;false;maleeventonedaccentedhappy;happy;[I'M HAPPY] He must be drinking the most delicious mead, with the most delightful woman in Sovngarde.;results\Data\Sound\Voice\DawnOfTheSilverHand.esp\MaleEvenTonedAccented\DSilHand_M_DSilHand_M60FP__00025824_2.xwm
175;DSilHand_M60Retaliation;false;maleeventonedaccentedpuzzled;puzzled;[I'M PUZZLED][I'M COMPLETELY BAFFLED] And about the Companions... [I'M PUZZLED][I'M COMPLETELY BAFFLED] How many of them were werewolves?;results\Data\Sound\Voice\DawnOfTheSilverHand.esp\MaleEvenTonedAccented\DSilHand_M_DSilHand_M60FP__00025824_3.xwm
176;DSilHand_M60Retaliation;false;maleeventonedaccentedsurprise;surprise;[I'M SURPRISED] By the nine! [I'M SURPRISED] Did we have many casualties?;results\Data\Sound\Voice\DawnOfTheSilverHand.esp\MaleEvenTonedAccented\DSilHand_M_DSilHand_M60FP__0002581F_1.xwm
177;DSilHand_M60Retaliation;false;maleeventonedaccentedhappy;happy;[I'M HAPPY] Come on in. [I'M HAPPY] What brings you here?;results\Data\Sound\Voice\DawnOfTheSilverHand.esp\MaleEvenTonedAccented\DSilHand_M_DSilHand_M60FP__0002581D_1.xwm
178;DSilHand_M60Retaliation;false;maleeventonedaccentedneutral;neutral; Now you are officially a Stronghold Chief, and the second on the succession line of our group.  Congratulations!  Please, accept these gifts.;results\Data\Sound\Voice\DawnOfTheSilverHand.esp\MaleEvenTonedAccented\DSilHand_M_DSilHand_M60FPt_0002582E_1.xwm
179;DSilHand_M60Retaliation;false;maleeventonedaccentedneutral;neutral; And as a reward for the bravery and efforts annihilating wolves, I offer you the leadership of the Gallows Rock fort.  Do you accept?;results\Data\Sound\Voice\DawnOfTheSilverHand.esp\MaleEvenTonedAccented\DSilHand_M_DSilHand_M60FPt_0002582C_1.xwm
180;DSilHand_M60Retaliation;false;maleeventonedaccentedhappy;happy;[I'M HAPPY] Listen brothers of Hunt! [I'M HAPPY] We just had a victory over the Companions. [I'M HAPPY] They assaulted Gallows Rock, but we were able to defeat them!;results\Data\Sound\Voice\DawnOfTheSilverHand.esp\MaleEvenTonedAccented\DSilHand_M60Retaliation__00030A69_1.xwm
181;DSilHand_M60Retaliation;false;maleeventonedaccentedneutral;neutral; Three members of the circle have fallen, including Aela and Skjor.;results\Data\Sound\Voice\DawnOfTheSilverHand.esp\MaleEvenTonedAccented\DSilHand_M60Retaliation__00030A69_2.xwm
182;DSilHand_M60Retaliation;false;maleeventonedaccentedneutral;neutral; Unfortunately our great leader Krev has perished in the battle.;results\Data\Sound\Voice\DawnOfTheSilverHand.esp\MaleEvenTonedAccented\DSilHand_M60Retaliation__00030A69_3.xwm
183;DSilHand_M60Retaliation;false;maleeventonedaccentedneutral;neutral; He guided us for these years, and turned the Silver Hands stronger than ever.;results\Data\Sound\Voice\DawnOfTheSilverHand.esp\MaleEvenTonedAccented\DSilHand_M60Retaliation__00030A69_4.xwm
184;DSilHand_M60Retaliation;false;maleeventonedaccentedneutral;neutral; Now we celebrate for the honor of his name, and his glorious entrance to Sovngarde!;results\Data\Sound\Voice\DawnOfTheSilverHand.esp\MaleEvenTonedAccented\DSilHand_M60Retaliation__00030A69_5.xwm
185;DSilHand_M60Retaliation;false;maleeventonedaccentedneutral;neutral; Listen to brothers!  We have important news from Gallows Rock!;results\Data\Sound\Voice\DawnOfTheSilverHand.esp\MaleEvenTonedAccented\DSilHand_M60Retaliation__00030A66_1.xwm
186;DSilHand_M70UncPast;false;maleeventonedaccentedneutral;neutral; Good!  If you find anything there, please go look for me at Gallows Rock.  I'll be attending Krev's funeral.;results\Data\Sound\Voice\DawnOfTheSilverHand.esp\MaleEvenTonedAccented\DSilHand_M_DSilHand_M70FJ__000278A1_1.xwm
187;DSilHand_M70UncPast;false;maleeventonedaccentedneutral;neutral; I just received a letter from a Silver brother who was investigating clues of the last missing Wuuthrad's  fragment in Morrowind.;results\Data\Sound\Voice\DawnOfTheSilverHand.esp\MaleEvenTonedAccented\DSilHand_M_DSilHand_M70FJ__0002789F_1.xwm
188;DSilHand_M70UncPast;false;maleeventonedaccentedneutral;neutral; He discovered that an axe fragment was displayed centuries ago in the Mournhold Museum of Artifacts, but disappeared after the Argonian invasion.;results\Data\Sound\Voice\DawnOfTheSilverHand.esp\MaleEvenTonedAccented\DSilHand_M_DSilHand_M70FJ__0002789F_2.xwm
189;DSilHand_M70UncPast;false;maleeventonedaccentedneutral;neutral; But rumors emerged that a group of bandits have found this fragment.;results\Data\Sound\Voice\DawnOfTheSilverHand.esp\MaleEvenTonedAccented\DSilHand_M_DSilHand_M70FJ__0002789F_3.xwm
190;DSilHand_M70UncPast;false;maleeventonedaccentedneutral;neutral; They were last seen crossing the border near Riften, and are housed in Broken Helm Hollow.;results\Data\Sound\Voice\DawnOfTheSilverHand.esp\MaleEvenTonedAccented\DSilHand_M_DSilHand_M70FJ__0002789F_4.xwm
191;DSilHand_M70UncPast;false;maleeventonedaccentedneutral;neutral; Do you think you can handle this?;results\Data\Sound\Voice\DawnOfTheSilverHand.esp\MaleEvenTonedAccented\DSilHand_M_DSilHand_M70FJ__0002789F_5.xwm
192;DSilHand_M70UncPast;false;maleeventonedaccentedneutral;neutral; Ok.  Come talk with me when you are ready.  We need your help.;results\Data\Sound\Voice\DawnOfTheSilverHand.esp\MaleEvenTonedAccented\DSilHand_M_DSilHand_M70FA__000278A9_1.xwm
193;DSilHand_M70UncPast;false;maleeventonedaccentedneutral;neutral; Excellent.  Meet the man outside Whiterun the next night, after Dusk.;results\Data\Sound\Voice\DawnOfTheSilverHand.esp\MaleEvenTonedAccented\DSilHand_M_DSilHand_M70FA__000278AA_1.xwm
194;DSilHand_M70UncPast;false;maleeventonedaccentedhappy;happy;[I'M HAPPY] Until then, use your time to select your best armor and weapon. [I'M HAPPY] And some healing potions. [I'M HAPPY] This fight is going to be tough.;results\Data\Sound\Voice\DawnOfTheSilverHand.esp\MaleEvenTonedAccented\DSilHand_M_DSilHand_M70FA__000278AA_2.xwm
195;DSilHand_M70UncPast;false;maleeventonedaccentedneutral;neutral; We have been planning an assault on Jorrvaskr for a long time.  But now, since they lost the last battle, they are in a weak position.;results\Data\Sound\Voice\DawnOfTheSilverHand.esp\MaleEvenTonedAccented\DSilHand_M_DSilHand_M70FA__000278A6_1.xwm
196;DSilHand_M70UncPast;false;maleeventonedaccentedneutral;neutral; We will enter Whiterun using a secret passage created by the companions, in the sewers.;results\Data\Sound\Voice\DawnOfTheSilverHand.esp\MaleEvenTonedAccented\DSilHand_M_DSilHand_M70FA__000278A6_3.xwm
197;DSilHand_M70UncPast;false;maleeventonedaccentedhappy;happy;[I'M HAPPY] We are going to attack by surprise, so we may take them out of the guard.;results\Data\Sound\Voice\DawnOfTheSilverHand.esp\MaleEvenTonedAccented\DSilHand_M_DSilHand_M70FA__000278A6_7.xwm
198;DSilHand_M70UncPast;false;maleeventonedaccentedneutral;neutral; Once we are inside the city, it is just a step into Jorrvaskr.;results\Data\Sound\Voice\DawnOfTheSilverHand.esp\MaleEvenTonedAccented\DSilHand_M_DSilHand_M70FA__000278A6_8.xwm
199;DSilHand_M70UncPast;false;maleeventonedaccentedneutral;neutral; After we went inside, we must aim at the Circle members.  Once all of them are struck down, the others should surrender.;results\Data\Sound\Voice\DawnOfTheSilverHand.esp\MaleEvenTonedAccented\DSilHand_M_DSilHand_M70FA__000278A6_9.xwm
200;DSilHand_M70UncPast;false;maleeventonedaccentedneutral;neutral; If we hit them hard enough, we may force them to transform into beasts.;results\Data\Sound\Voice\DawnOfTheSilverHand.esp\MaleEvenTonedAccented\DSilHand_M_DSilHand_M70FA__000278A6_10.xwm
201;DSilHand_M70UncPast;false;maleeventonedaccentedneutral;neutral; This will give another reason for the low ranks who don't know about the curse, to surrender.;results\Data\Sound\Voice\DawnOfTheSilverHand.esp\MaleEvenTonedAccented\DSilHand_M_DSilHand_M70FA__000278A6_11.xwm
202;DSilHand_M70UncPast;false;maleeventonedaccentedneutral;neutral; Are you ready for the fight?;results\Data\Sound\Voice\DawnOfTheSilverHand.esp\MaleEvenTonedAccented\DSilHand_M_DSilHand_M70FA__000278A6_12.xwm
203;DSilHand_M70UncPast;false;maleeventonedaccentedneutral;neutral; So the rumors were right!  Incredible!  The last missing piece.  For ages all these pieces were lost...  but now all pieces were found.;results\Data\Sound\Voice\DawnOfTheSilverHand.esp\MaleEvenTonedAccented\DSilHand_M_DSilHand_M70FA__000278A4_1.xwm
204;DSilHand_M70UncPast;false;maleeventonedaccentedneutral;neutral; Eight with us...  four with the Companions.  And we will take it back!;results\Data\Sound\Voice\DawnOfTheSilverHand.esp\MaleEvenTonedAccented\DSilHand_M_DSilHand_M70FA__000278A4_2.xwm
205;DSilHand_M80AssaultJor;false;maleeventonedaccentedneutral;neutral; So that's it!  Thanks to you all Wuuthrad pieces are once again together...;results\Data\Sound\Voice\DawnOfTheSilverHand.esp\MaleEvenTonedAccented\DSilHand_M_DSilHand_M80FF__00044363_1.xwm
206;DSilHand_M80AssaultJor;false;maleeventonedaccentedhappy;happy;[I'M HAPPY] Follow me to the Skyforge  brother...;results\Data\Sound\Voice\DawnOfTheSilverHand.esp\MaleEvenTonedAccented\DSilHand_M_DSilHand_M80FF__00044363_2.xwm
207;DSilHand_M80AssaultJor;false;maleeventonedaccentedneutral;neutral; Good brother.  We've been waiting for you.  All the brothers are here.  Let's begin...;results\Data\Sound\Voice\DawnOfTheSilverHand.esp\MaleEvenTonedAccented\DSilHand_M_DSilHand_M80FB__00042850_1.xwm
208;DSilHand_M80AssaultJor;false;maleeventonedaccentedneutral;neutral; Thanks.  Come to me if you find it.;results\Data\Sound\Voice\DawnOfTheSilverHand.esp\MaleEvenTonedAccented\DSilHand_M_DSilHand_M80FS__0004435E_1.xwm
209;DSilHand_M80AssaultJor;false;maleeventonedaccentedneutral;neutral; It must be hidden somewhere in the basement.;results\Data\Sound\Voice\DawnOfTheSilverHand.esp\MaleEvenTonedAccented\DSilHand_M_DSilHand_M80FS__0004435E_2.xwm
210;DSilHand_M80AssaultJor;false;maleeventonedaccentedneutral;neutral; We will be cleaning the mess and preparing the bodies for the funerals.;results\Data\Sound\Voice\DawnOfTheSilverHand.esp\MaleEvenTonedAccented\DSilHand_M_DSilHand_M80FS__0004435E_3.xwm
211;DSilHand_M80AssaultJor;false;maleeventonedaccentedneutral;neutral; I have one thing to request.  Three of the fragments in possession of the Companions are displayed on the wall, but one is missing...;results\Data\Sound\Voice\DawnOfTheSilverHand.esp\MaleEvenTonedAccented\DSilHand_M_DSilHand_M80FS__0004435C_1.xwm
212;DSilHand_M80AssaultJor;false;maleeventonedaccentedneutral;neutral; We need to find it.  We need your help.;results\Data\Sound\Voice\DawnOfTheSilverHand.esp\MaleEvenTonedAccented\DSilHand_M_DSilHand_M80FS__0004435C_2.xwm
213;DSilHand_M80AssaultJor;false;maleeventonedaccentedanger;anger;[I'M ANGRY] Brothers, put down your weapons!!;results\Data\Sound\Voice\DawnOfTheSilverHand.esp\MaleEvenTonedAccented\DSilHand_M80AssaultJor__0004A4BF_1.xwm
214;DSilHand_M80AssaultJor;false;maleoldgrumpysad;sad;[I'M SAD][I'M DEVASTATED] First, the cursed blood has gone, but we must keep it a secret. [I'M SAD][I'M DEVASTATED] The people here in Whiterun don't need to know the rumors are indeed true.;results\Data\Sound\Voice\DawnOfTheSilverHand.esp\MaleOldGrumpy\DSilHand_M80AssaultJor__00048F20_1.xwm
215;DSilHand_M80AssaultJor;false;maleoldgrumpysad;sad;[I'M SAD][I'M DEVASTATED] Second: I cannot let you and your group rejoin the Companions.;results\Data\Sound\Voice\DawnOfTheSilverHand.esp\MaleOldGrumpy\DSilHand_M80AssaultJor__00048F20_2.xwm
216;DSilHand_M80AssaultJor;false;maleoldgrumpysad;sad;[I'M SAD][I'M DEVASTATED] After all of this bloodshed, your presence would not be tolerated by any of Whiterun's clans.;results\Data\Sound\Voice\DawnOfTheSilverHand.esp\MaleOldGrumpy\DSilHand_M80AssaultJor__00048F20_3.xwm
217;DSilHand_M80AssaultJor;false;maleoldgrumpysad;sad;[I'M SAD][I'M DEVASTATED] This would escalate to another endless war among our factions once again.;results\Data\Sound\Voice\DawnOfTheSilverHand.esp\MaleOldGrumpy\DSilHand_M80AssaultJor__00048F20_4.xwm
218;DSilHand_M80AssaultJor;false;maleoldgrumpysad;sad;[I'M SAD][I'M DEVASTATED] You and our group should stay away from  Whiterun. [I'M SAD][I'M DEVASTATED] At least not for a long time, until the wounds are healed...;results\Data\Sound\Voice\DawnOfTheSilverHand.esp\MaleOldGrumpy\DSilHand_M80AssaultJor__00048F20_5.xwm
219;DSilHand_M80AssaultJor;false;maledarkelfanger;anger;[I'M ANGRY] Damn it... [I'M ANGRY] I was THIS close.;results\Data\Sound\Voice\DawnOfTheSilverHand.esp\MaleDarkElf\DSilHand_M80AssaultJor__0004845A_1.xwm
220;DSilHand_M80AssaultJor;false;maleoldgrumpyneutral;neutral; Hmm, I think you're right.  We've seen the secrets that can harm our faction.;results\Data\Sound\Voice\DawnOfTheSilverHand.esp\MaleOldGrumpy\DSilHand_M80AssaultJor__00048458_1.xwm
221;DSilHand_M80AssaultJor;false;maleeventonedaccentedneutral;neutral; Vignar, the Companions were meant to be brothers sworn by blood, not by leadership.  There should be no harbinger.  Not for a long time, at least.;results\Data\Sound\Voice\DawnOfTheSilverHand.esp\MaleEvenTonedAccented\DSilHand_M80AssaultJor__00048456_1.xwm
222;DSilHand_M80AssaultJor;false;maleoldgrumpyneutral;neutral; Since Kodlak died, We need a new harbinger.  I think it should be you.;results\Data\Sound\Voice\DawnOfTheSilverHand.esp\MaleOldGrumpy\DSilHand_M80AssaultJor__00048454_1.xwm
223;DSilHand_M80AssaultJor;false;maledarkelfneutral;neutral; Yes sir...;results\Data\Sound\Voice\DawnOfTheSilverHand.esp\MaleDarkElf\DSilHand_M80AssaultJor__00048452_1.xwm
224;DSilHand_M80AssaultJor;false;maleoldgrumpyneutral;neutral; Good.  Athis, come here.;results\Data\Sound\Voice\DawnOfTheSilverHand.esp\MaleOldGrumpy\DSilHand_M80AssaultJor__00048450_1.xwm
225;DSilHand_M80AssaultJor;false;maleeventonedaccentedneutral;neutral; I promise I will.;results\Data\Sound\Voice\DawnOfTheSilverHand.esp\MaleEvenTonedAccented\DSilHand_M80AssaultJor__0004844E_1.xwm
226;DSilHand_M80AssaultJor;false;maleoldgrumpysad;sad;[I'M SAD][I'M DEVASTATED] Do whatever you want, but do not get attention, and be quick as possible. [I'M SAD][I'M DEVASTATED] And do not spill any more blood.;results\Data\Sound\Voice\DawnOfTheSilverHand.esp\MaleOldGrumpy\DSilHand_M80AssaultJor__0004844C_1.xwm
227;DSilHand_M80AssaultJor;false;maleeventonedaccentedneutral;neutral; We will Vignar.  But I have a single request.  We need to use the Skyforge before leaving...;results\Data\Sound\Voice\DawnOfTheSilverHand.esp\MaleEvenTonedAccented\DSilHand_M80AssaultJor__0004844A_1.xwm
228;DSilHand_M80AssaultJor;false;maleoldgrumpysad;sad;[I'M SAD][I'M DEVASTATED] I hope that too Fjol.;results\Data\Sound\Voice\DawnOfTheSilverHand.esp\MaleOldGrumpy\DSilHand_M80AssaultJor__00048448_1.xwm
229;DSilHand_M80AssaultJor;false;maleoldgrumpysad;sad;[I'M SAD][I'M DEVASTATED] So that's it. [I'M SAD][I'M DEVASTATED] You need to leave as soon as possible...;results\Data\Sound\Voice\DawnOfTheSilverHand.esp\MaleOldGrumpy\DSilHand_M80AssaultJor__00048448_2.xwm
230;DSilHand_M80AssaultJor;false;maleeventonedaccentedneutral;neutral; Actually, I did not want to come back either.  After so many years in the wilds, I get used to it.;results\Data\Sound\Voice\DawnOfTheSilverHand.esp\MaleEvenTonedAccented\DSilHand_M80AssaultJor__00048446_1.xwm
231;DSilHand_M80AssaultJor;false;maleeventonedaccentedneutral;neutral; The silence and the solitude of the northern wilds and winds are part of me now.;results\Data\Sound\Voice\DawnOfTheSilverHand.esp\MaleEvenTonedAccented\DSilHand_M80AssaultJor__00048446_2.xwm
232;DSilHand_M80AssaultJor;false;maleeventonedaccentedneutral;neutral; The vengeance has been made, the cursed blood is no more, and the pride of Ysgramor is restored.;results\Data\Sound\Voice\DawnOfTheSilverHand.esp\MaleEvenTonedAccented\DSilHand_M80AssaultJor__00048446_3.xwm
233;DSilHand_M80AssaultJor;false;maleeventonedaccentedneutral;neutral; It cost the blood of many generations, and the wounds are deep.  I hope someday they will be closed.;results\Data\Sound\Voice\DawnOfTheSilverHand.esp\MaleEvenTonedAccented\DSilHand_M80AssaultJor__00048446_4.xwm
234;DSilHand_M80AssaultJor;false;maleoldgrumpysad;sad;[I'M SAD][I'M DEVASTATED] So it happened... [I'M SAD][I'M DEVASTATED] Krev is dead too...;results\Data\Sound\Voice\DawnOfTheSilverHand.esp\MaleOldGrumpy\DSilHand_M80AssaultJor__00048444_1.xwm
235;DSilHand_M80AssaultJor;false;maleoldgrumpysad;sad;[I'M SAD][I'M DEVASTATED] It has passed a long time since we were young.;results\Data\Sound\Voice\DawnOfTheSilverHand.esp\MaleOldGrumpy\DSilHand_M80AssaultJor__00048444_2.xwm
236;DSilHand_M80AssaultJor;false;maleoldgrumpysad;sad;[I'M SAD][I'M DEVASTATED] We all: I, Kodlack, Krev, and you were great friends...;results\Data\Sound\Voice\DawnOfTheSilverHand.esp\MaleOldGrumpy\DSilHand_M80AssaultJor__00048444_3.xwm
237;DSilHand_M80AssaultJor;false;maleoldgrumpysad;sad;[I'M SAD][I'M DEVASTATED] We fought together many times... [I'M SAD][I'M DEVASTATED] But Krev and you decided to follow the dissidents' path.;results\Data\Sound\Voice\DawnOfTheSilverHand.esp\MaleOldGrumpy\DSilHand_M80AssaultJor__00048444_4.xwm
238;DSilHand_M80AssaultJor;false;maleoldgrumpysad;sad;[I'M SAD][I'M DEVASTATED] Kodlack and I decide to stay.;results\Data\Sound\Voice\DawnOfTheSilverHand.esp\MaleOldGrumpy\DSilHand_M80AssaultJor__00048444_5.xwm
239;DSilHand_M80AssaultJor;false;maleoldgrumpysad;sad;[I'M SAD][I'M DEVASTATED] He decided to join the Circle. [I'M SAD][I'M DEVASTATED] He thought it was the right thing to do.;results\Data\Sound\Voice\DawnOfTheSilverHand.esp\MaleOldGrumpy\DSilHand_M80AssaultJor__00048444_6.xwm
240;DSilHand_M80AssaultJor;false;maleoldgrumpysad;sad;[I'M SAD][I'M DEVASTATED] You know... [I'M SAD][I'M DEVASTATED] Kodlak was searching for a cure. [I'M SAD][I'M DEVASTATED] I think he was feeling this very day was coming...;results\Data\Sound\Voice\DawnOfTheSilverHand.esp\MaleOldGrumpy\DSilHand_M80AssaultJor__00048444_7.xwm
241;DSilHand_M80AssaultJor;false;maleoldgrumpysad;sad;[I'M SAD][I'M DEVASTATED] It was only a matter of time.;results\Data\Sound\Voice\DawnOfTheSilverHand.esp\MaleOldGrumpy\DSilHand_M80AssaultJor__00048444_8.xwm
242;DSilHand_M80AssaultJor;false;maleoldgrumpysad;sad;[I'M SAD][I'M DEVASTATED] I will not perpetuate this bloodshed anymore. [I'M SAD][I'M DEVASTATED] As the elder Companion member, I offer you a peace agreement.;results\Data\Sound\Voice\DawnOfTheSilverHand.esp\MaleOldGrumpy\DSilHand_M80AssaultJor__00048444_9.xwm
243;DSilHand_M80AssaultJor;false;maleoldgrumpysad;sad;[I'M SAD][I'M DEVASTATED] No more cursed blood among the Companion, no more fight among us and the dissidents. [I'M SAD][I'M DEVASTATED] But I have two conditions.;results\Data\Sound\Voice\DawnOfTheSilverHand.esp\MaleOldGrumpy\DSilHand_M80AssaultJor__00048444_10.xwm
244;DSilHand_M80AssaultJor;false;maleeventonedaccentedneutral;neutral; Yes, we did it Vignar.  We cleaned the Circle from the Hircine Curse.  Now the Companions are free from Lycanthropy, and we vanged Krev's death.;results\Data\Sound\Voice\DawnOfTheSilverHand.esp\MaleEvenTonedAccented\DSilHand_M80AssaultJor__00047EDF_1.xwm
245;DSilHand_M80AssaultJor;false;maleeventonedaccentedneutral;neutral; Fjol...  as I see, I was not quick enough...  I knew it was coming to this one day.;results\Data\Sound\Voice\DawnOfTheSilverHand.esp\MaleEvenTonedAccented\DSilHand_M80AssaultJor__0004797A_1.xwm
246;DSilHand_M80AssaultJor;false;maleeventonedaccentedhappy;happy;[I'M HAPPY][I'M ECSTATIC] Brothers, put down your weapons!! [I'M HAPPY][I'M ECSTATIC] The Companions are not our enemies!;results\Data\Sound\Voice\DawnOfTheSilverHand.esp\MaleEvenTonedAccented\DSilHand_M80AssaultJor__00047975_1.xwm
247;DSilHand_M80AssaultJor;false;maleeventonedaccentedhappy;happy;[I'M HAPPY] Brothers, put down your weapons!!;results\Data\Sound\Voice\DawnOfTheSilverHand.esp\MaleEvenTonedAccented\DSilHand_M80AssaultJor__00047411_1.xwm
248;DSilHand_M80AssaultJor;false;maleeventonedaccentedhappy;happy;[I'M HAPPY] The Companions are not our enemies. [I'M HAPPY] They are our Brothers in blood. [I'M HAPPY] A long time ago we all were the same group!;results\Data\Sound\Voice\DawnOfTheSilverHand.esp\MaleEvenTonedAccented\DSilHand_M80AssaultJor__00047411_2.xwm
249;DSilHand_M80AssaultJor;false;maleeventonedaccentedhappy;happy;[I'M HAPPY] But we, the Silver Hand, did not accept this Werewolf abomination you all are seeing now!;results\Data\Sound\Voice\DawnOfTheSilverHand.esp\MaleEvenTonedAccented\DSilHand_M80AssaultJor__00047411_3.xwm
250;DSilHand_M80AssaultJor;false;maleeventonedaccentedhappy;happy;[I'M HAPPY] This is a curse  brought by the Witches Glenmoril into the heart of the Companions.;results\Data\Sound\Voice\DawnOfTheSilverHand.esp\MaleEvenTonedAccented\DSilHand_M80AssaultJor__00047411_4.xwm
251;DSilHand_M80AssaultJor;false;maleeventonedaccentedhappy;happy;[I'M HAPPY] Since then, it was perpetrated by daedric rituals of blood devoted to Hircine.;results\Data\Sound\Voice\DawnOfTheSilverHand.esp\MaleEvenTonedAccented\DSilHand_M80AssaultJor__00047411_5.xwm
252;DSilHand_M80AssaultJor;false;maleeventonedaccentedhappy;happy;[I'M HAPPY] We split into two separated groups, and we have been fighting for centuries.;results\Data\Sound\Voice\DawnOfTheSilverHand.esp\MaleEvenTonedAccented\DSilHand_M80AssaultJor__00047411_6.xwm
253;DSilHand_M80AssaultJor;false;maleeventonedaccentedhappy;happy;[I'M HAPPY] But now, the Circle was defeated and Companions are free from the Daedric curse! [I'M HAPPY] It's time to rejoin again!;results\Data\Sound\Voice\DawnOfTheSilverHand.esp\MaleEvenTonedAccented\DSilHand_M80AssaultJor__00047411_7.xwm
254;DSilHand_M80AssaultJor;false;maleeventonedaccentedhappy;happy;[I'M HAPPY][I'M ECSTATIC] Brothers and sisters. [I'M HAPPY][I'M ECSTATIC] Today is a great day that will be remembered through the ages.;results\Data\Sound\Voice\DawnOfTheSilverHand.esp\MaleEvenTonedAccented\DSilHand_M80AssaultJor__0004591E_1.xwm
255;DSilHand_M80AssaultJor;false;maleeventonedaccentedhappy;happy;[I'M HAPPY] Bards will sing songs calling our names, in memory  of what we did today.;results\Data\Sound\Voice\DawnOfTheSilverHand.esp\MaleEvenTonedAccented\DSilHand_M80AssaultJor__0004591E_2.xwm
256;DSilHand_M80AssaultJor;false;maleeventonedaccentedneutral;neutral; On the very same day, we freed Skyrim's heart from the foul Hircine influence, and reassembled the ancient axe: Wuuthrad.;results\Data\Sound\Voice\DawnOfTheSilverHand.esp\MaleEvenTonedAccented\DSilHand_M80AssaultJor__0004591E_3.xwm
257;DSilHand_M80AssaultJor;false;maleeventonedaccentedneutral;neutral; Today Ysgramor's honor over this land is finally restored!;results\Data\Sound\Voice\DawnOfTheSilverHand.esp\MaleEvenTonedAccented\DSilHand_M80AssaultJor__0004591E_4.xwm
258;DSilHand_M80AssaultJor;false;maleeventonedaccentedhappy;happy;[I'M HAPPY] Brothers, we managed to find the last fragment. [I'M HAPPY] Follow me to the Skyforge!;results\Data\Sound\Voice\DawnOfTheSilverHand.esp\MaleEvenTonedAccented\DSilHand_M80AssaultJor__000453AD_1.xwm
259;DSilHand_M80AssaultJor;false;maleeventonedaccentedanger;anger;[I'M ANGRY] Here we are brothers, this will be the end for them.;results\Data\Sound\Voice\DawnOfTheSilverHand.esp\MaleEvenTonedAccented\DSilHand_M80AssaultJor__00042853_1.xwm
260;DSilHand_M80AssaultJor;false;maleeventonedaccentedanger;anger;[I'M ANGRY] I hope you're hungry!;results\Data\Sound\Voice\DawnOfTheSilverHand.esp\MaleEvenTonedAccented\DSilHand_M80AssaultJor__00042853_2.xwm
261;DSilHand_M80AssaultJor;false;maleeventonedaccentedanger;anger;[I'M ANGRY] Today, let's eat roast dog meat on Skyforge!;results\Data\Sound\Voice\DawnOfTheSilverHand.esp\MaleEvenTonedAccented\DSilHand_M80AssaultJor__00042853_3.xwm
262;DSilHand_M90HonYsgramor;false;maleeventonedaccentedhappy;happy;[I'M HAPPY] Now we have the witches' heads, so we must go to Ysgramor's Tomb, and burn them in the Harbinger Flame.;results\Data\Sound\Voice\DawnOfTheSilverHand.esp\MaleEvenTonedAccented\DSilHand_M_DSilHand_M90SFO_000530F3_1.xwm
263;DSilHand_M90HonYsgramor;false;maleeventonedaccentedneutral;neutral; I understand.  If you change your mind, come talk to me at Driftshade.;results\Data\Sound\Voice\DawnOfTheSilverHand.esp\MaleEvenTonedAccented\DSilHand_M_DSilHand_M90_AS_00053103_1.xwm
264;DSilHand_M90HonYsgramor;false;maleeventonedaccentedneutral;neutral; Hillara and Sennar will responsible for managing the hunt's contracts.  Talk to them if you want to help.;results\Data\Sound\Voice\DawnOfTheSilverHand.esp\MaleEvenTonedAccented\DSilHand_M_DSilHand_M90_AS_00053103_2.xwm
265;DSilHand_M90HonYsgramor;false;maleeventonedaccentedneutral;neutral; Also, I would like to ask you to come back to Driftshade in some days.  I'm finishing another piece of research.;results\Data\Sound\Voice\DawnOfTheSilverHand.esp\MaleEvenTonedAccented\DSilHand_M_DSilHand_M90_AS_00053102_1.xwm
266;DSilHand_M90HonYsgramor;false;maleeventonedaccentedneutral;neutral; Good.  Hillara and Sennar are responsible for managing the contracts.;results\Data\Sound\Voice\DawnOfTheSilverHand.esp\MaleEvenTonedAccented\DSilHand_M_DSilHand_M90_AS_00053101_1.xwm
267;DSilHand_M90HonYsgramor;false;maleeventonedaccentedneutral;neutral; Talk to them to organize the wolf hunts.;results\Data\Sound\Voice\DawnOfTheSilverHand.esp\MaleEvenTonedAccented\DSilHand_M_DSilHand_M90_AS_00053101_2.xwm
268;DSilHand_M90HonYsgramor;false;maleeventonedaccentedneutral;neutral; Please, hold this axe and kill some beasts for me.;results\Data\Sound\Voice\DawnOfTheSilverHand.esp\MaleEvenTonedAccented\DSilHand_M_DSilHand_M90_AS_00053101_3.xwm
269;DSilHand_M90HonYsgramor;false;maleeventonedaccentedneutral;neutral; I think you should be the new Silver Hand leader.;results\Data\Sound\Voice\DawnOfTheSilverHand.esp\MaleEvenTonedAccented\DSilHand_M_DSilHand_M90_AS_00053100_1.xwm
270;DSilHand_M90HonYsgramor;false;maleeventonedaccentedneutral;neutral; I really think I'm better with my research than with leadership.;results\Data\Sound\Voice\DawnOfTheSilverHand.esp\MaleEvenTonedAccented\DSilHand_M_DSilHand_M90_AS_00053100_2.xwm
271;DSilHand_M90HonYsgramor;false;maleeventonedaccentedneutral;neutral; If wasn't for you, we wouldn't have made it.;results\Data\Sound\Voice\DawnOfTheSilverHand.esp\MaleEvenTonedAccented\DSilHand_M_DSilHand_M90_AS_00053100_3.xwm
272;DSilHand_M90HonYsgramor;false;maleeventonedaccentedneutral;neutral; Do you accept?;results\Data\Sound\Voice\DawnOfTheSilverHand.esp\MaleEvenTonedAccented\DSilHand_M_DSilHand_M90_AS_00053100_4.xwm
273;DSilHand_M90HonYsgramor;false;maleeventonedaccentedneutral;neutral; Yes.  But at least the companions are free from this ancient curse.  And we are not enemies anymore.  I hope our legates may rejoin again someday.;results\Data\Sound\Voice\DawnOfTheSilverHand.esp\MaleEvenTonedAccented\DSilHand_M_DSilHand_M90_AS_000530FF_1.xwm
274;DSilHand_M90HonYsgramor;false;maleeventonedaccentedneutral;neutral; I have one more thing to ask.;results\Data\Sound\Voice\DawnOfTheSilverHand.esp\MaleEvenTonedAccented\DSilHand_M_DSilHand_M90_AS_000530FF_2.xwm
275;DSilHand_M90HonYsgramor;false;maleeventonedaccentedneutral;neutral; Yes, Krev perished as well...;results\Data\Sound\Voice\DawnOfTheSilverHand.esp\MaleEvenTonedAccented\DSilHand_M_DSilHand_M90_AS_000530FE_1.xwm
276;DSilHand_M90HonYsgramor;false;maleeventonedaccentedneutral;neutral; But I hope Kodlak and Krev are right now on Sovngarde putting all the anger and hate aside and sharing a sweet mead mug.;results\Data\Sound\Voice\DawnOfTheSilverHand.esp\MaleEvenTonedAccented\DSilHand_M_DSilHand_M90_AS_000530FE_2.xwm
277;DSilHand_M90HonYsgramor;false;maleeventonedaccentedneutral;neutral; I have one more thing to ask.;results\Data\Sound\Voice\DawnOfTheSilverHand.esp\MaleEvenTonedAccented\DSilHand_M_DSilHand_M90_AS_000530FE_3.xwm
278;DSilHand_M90HonYsgramor;false;maleeventonedaccentedneutral;neutral; Yes, I agree with you.  And now the war is over.;results\Data\Sound\Voice\DawnOfTheSilverHand.esp\MaleEvenTonedAccented\DSilHand_M_DSilHand_M90_AS_000530FC_1.xwm
279;DSilHand_M90HonYsgramor;false;maleeventonedaccentedneutral;neutral; I have one more thing to ask.;results\Data\Sound\Voice\DawnOfTheSilverHand.esp\MaleEvenTonedAccented\DSilHand_M_DSilHand_M90_AS_000530FC_2.xwm
280;DSilHand_M90HonYsgramor;false;maleeventonedaccentedsad;sad;[I'M SAD][I'M DEVASTATED] We did... [I'M SAD][I'M DEVASTATED] Kodlak has already paid for his mistake. [I'M SAD][I'M DEVASTATED] Now his soul may rest from its torment...;results\Data\Sound\Voice\DawnOfTheSilverHand.esp\MaleEvenTonedAccented\DSilHand_M_DSilHand_M90_AS_000530F4_1.xwm
281;DSilHand_M90HonYsgramor;false;maleeventonedaccentedsad;sad;[I'M SAD][I'M DEVASTATED] But maybe the price he paid was too high...;results\Data\Sound\Voice\DawnOfTheSilverHand.esp\MaleEvenTonedAccented\DSilHand_M_DSilHand_M90_AS_000530F4_2.xwm
282;DSilHand_M90HonYsgramor;false;maleeventonedaccentedhappy;happy;[I'M HAPPY] Good. [I'M HAPPY] I knew you were going to accept.;results\Data\Sound\Voice\DawnOfTheSilverHand.esp\MaleEvenTonedAccented\DSilHand_M_DSilHand_M90_DA_00056C41_1.xwm
283;DSilHand_M90HonYsgramor;false;maleeventonedaccentedhappy;happy;[I'M HAPPY] Talk to Hillara and Senaar to organize the wolf hunts and contracts. [I'M HAPPY] Also, talk to him if you want to improve your new leader's quarters.;results\Data\Sound\Voice\DawnOfTheSilverHand.esp\MaleEvenTonedAccented\DSilHand_M_DSilHand_M90_DA_00056C41_2.xwm
284;DSilHand_M90HonYsgramor;false;maleeventonedaccentedhappy;happy;[I'M HAPPY][I'M ECSTATIC] Please, hold this ax and kill some beasts for me.;results\Data\Sound\Voice\DawnOfTheSilverHand.esp\MaleEvenTonedAccented\DSilHand_M_DSilHand_M90_DA_00056C41_3.xwm
285;DSilHand_M90HonYsgramor;false;maleeventonedaccentedhappy;happy;[I'M HAPPY][I'M ECSTATIC] That's it! [I'M HAPPY][I'M ECSTATIC] It's opening!;results\Data\Sound\Voice\DawnOfTheSilverHand.esp\MaleEvenTonedAccented\DSilHand_M90HonYsgramor__00052B85_1.xwm
286;DSilHand_M90HonYsgramor;false;maleeventonedaccentedhappy;happy;[I'M HAPPY] Do you see? [I'M HAPPY] The Ysgramor's axe is missing from his statue.;results\Data\Sound\Voice\DawnOfTheSilverHand.esp\MaleEvenTonedAccented\DSilHand_M90HonYsgramor__00052B83_1.xwm
287;DSilHand_M90HonYsgramor;false;maleeventonedaccentedhappy;happy;[I'M HAPPY] I believe Wuulthrad is the key to opening the tomb.;results\Data\Sound\Voice\DawnOfTheSilverHand.esp\MaleEvenTonedAccented\DSilHand_M90HonYsgramor__00052B83_2.xwm
288;DSilHand_R00Controller;false;femaleeventonedneutral;neutral; Yes, we received the gold.  Here is your share.;results\Data\Sound\Voice\DawnOfTheSilverHand.esp\FemaleEvenToned\DSilHand_R_DSilHand_R00HiR_000669D1_1.xwm
289;DSilHand_R00Controller;false;malekhajiithappy;happy;[I'M HAPPY][I'M ECSTATIC] Yes, we received the gold. [I'M HAPPY][I'M ECSTATIC] Here is your share.;results\Data\Sound\Voice\DawnOfTheSilverHand.esp\MaleKhajiit\DSilHand_R_DSilHand_R00SeR_000669CE_1.xwm
290;DSilHand_R00Controller;false;malekhajiitneutral;neutral; Yes.  An emissary from the jarl has contacted us.  He said a group of bandits is causing some trouble.;results\Data\Sound\Voice\DawnOfTheSilverHand.esp\MaleKhajiit\DSilHand_R_DSilHand_R00SeR_00065983_1.xwm
291;DSilHand_R00Controller;false;malekhajiitneutral;neutral; They robbed some people and some cargo.  One of their members is a werewolf.;results\Data\Sound\Voice\DawnOfTheSilverHand.esp\MaleKhajiit\DSilHand_R_DSilHand_R00SeR_00065983_2.xwm
292;DSilHand_R00Controller;false;malekhajiitneutral;neutral; They are going to pay a good amount of gold if we take care of the beast and the bandit leader.;results\Data\Sound\Voice\DawnOfTheSilverHand.esp\MaleKhajiit\DSilHand_R_DSilHand_R00SeR_00065983_3.xwm
293;DSilHand_R00Controller;false;femaleeventonedneutral;neutral; Yes, we did it!  The men will take care of seeking the reward.  Come back tomorrow and talk to me to take your share.;results\Data\Sound\Voice\DawnOfTheSilverHand.esp\FemaleEvenToned\DSilHand_R_DSilHand_R00HiS_00066467_1.xwm
294;DSilHand_R00Controller;false;malekhajiitneutral;neutral; Yes.  Some villagers reported to us they found a hiding place of a Glenmoril Witch.;results\Data\Sound\Voice\DawnOfTheSilverHand.esp\MaleKhajiit\DSilHand_R_DSilHand_R00SeR_00065986_1.xwm
295;DSilHand_R00Controller;false;malekhajiitneutral;neutral; She has been performing cruel blood rituals, and they have contacted us to finish her off.;results\Data\Sound\Voice\DawnOfTheSilverHand.esp\MaleKhajiit\DSilHand_R_DSilHand_R00SeR_00065986_2.xwm
296;DSilHand_R00Controller;false;femaleeventonedneutral;neutral; Ok.  I'll meet you there.;results\Data\Sound\Voice\DawnOfTheSilverHand.esp\FemaleEvenToned\DSilHand_R_DSilHand_R00HiR_0006645B_1.xwm
297;DSilHand_R00Controller;false;femaleeventonedneutral;neutral; Let's go!  Lead the way.;results\Data\Sound\Voice\DawnOfTheSilverHand.esp\FemaleEvenToned\DSilHand_R_DSilHand_R00HiR_00066459_1.xwm
298;DSilHand_R00Controller;false;femaleeventonedneutral;neutral; Ok.  Just come to me when you finalized it, so we can reclaim the reward.;results\Data\Sound\Voice\DawnOfTheSilverHand.esp\FemaleEvenToned\DSilHand_R_DSilHand_R00HiR_00066457_1.xwm
299;DSilHand_R00Controller;false;femaleeventonedneutral;neutral; Perfect, I'll mark its location on your map.  What is your plan?;results\Data\Sound\Voice\DawnOfTheSilverHand.esp\FemaleEvenToned\DSilHand_R_DSilHand_R00HiR_00066455_1.xwm
300;DSilHand_R00Controller;false;femaleeventonedneutral;neutral; All right.  Come back when you are ready.;results\Data\Sound\Voice\DawnOfTheSilverHand.esp\FemaleEvenToned\DSilHand_R_DSilHand_R00HiR_00066453_1.xwm
301;DSilHand_R00Controller;false;femaleeventonedneutral;neutral; Yes.  A werewolf is frighten some farmers.  It has already attacked some animals and people.  They have already spotted where the beast is hiding.;results\Data\Sound\Voice\DawnOfTheSilverHand.esp\FemaleEvenToned\DSilHand_R_DSilHand_R00HiR_00066451_1.xwm
302;DSilHand_R00Controller;false;femaleeventonedneutral;neutral; Yes.  Some villagers reported to us they found a hiding place of a Glenmoril Witch.;results\Data\Sound\Voice\DawnOfTheSilverHand.esp\FemaleEvenToned\DSilHand_R_DSilHand_R00HiR_00066464_1.xwm
303;DSilHand_R00Controller;false;femaleeventonedneutral;neutral; She has been performing cruel blood rituals, and they have contacted us to finish her off.;results\Data\Sound\Voice\DawnOfTheSilverHand.esp\FemaleEvenToned\DSilHand_R_DSilHand_R00HiR_00066464_2.xwm
304;DSilHand_R00Controller;false;malekhajiitneutral;neutral; Ok.  I'll meet you there.;results\Data\Sound\Voice\DawnOfTheSilverHand.esp\MaleKhajiit\DSilHand_R_DSilHand_R00SeR_0006597D_1.xwm
305;DSilHand_R00Controller;false;malekhajiitneutral;neutral; Let's go!  Lead the way.;results\Data\Sound\Voice\DawnOfTheSilverHand.esp\MaleKhajiit\DSilHand_R_DSilHand_R00SeR_0006597B_1.xwm
306;DSilHand_R00Controller;false;malekhajiitneutral;neutral; Ok.  Just come to me when you finalized it, so we can reclaim the reward.;results\Data\Sound\Voice\DawnOfTheSilverHand.esp\MaleKhajiit\DSilHand_R_DSilHand_R00SeR_00065979_1.xwm
307;DSilHand_R00Controller;false;malekhajiitneutral;neutral; Perfect, I'll mark its location on your map.  What is your plan?;results\Data\Sound\Voice\DawnOfTheSilverHand.esp\MaleKhajiit\DSilHand_R_DSilHand_R00SeR_00065977_1.xwm
308;DSilHand_R00Controller;false;malekhajiitneutral;neutral; All right.  Come back when you are ready.;results\Data\Sound\Voice\DawnOfTheSilverHand.esp\MaleKhajiit\DSilHand_R_DSilHand_R00SeR_00065975_1.xwm
309;DSilHand_R00Controller;false;malekhajiitneutral;neutral; Yes.  A werewolf is frighten some farmers.  It has already attacked some animals and people.  They have already spotted where the beast is hiding.;results\Data\Sound\Voice\DawnOfTheSilverHand.esp\MaleKhajiit\DSilHand_R_DSilHand_R00SeR_00065973_1.xwm
310;DSilHand_R00Controller;false;malekhajiitneutral;neutral; Yes.  Some villagers have heard strange noises during the night.;results\Data\Sound\Voice\DawnOfTheSilverHand.esp\MaleKhajiit\DSilHand_R_DSilHand_R00SeR_00065980_1.xwm
311;DSilHand_R00Controller;false;malekhajiitneutral;neutral; They are not sure of what kind of creature is responsible for that, but they fear it can be a werewolf, so they contract our services.;results\Data\Sound\Voice\DawnOfTheSilverHand.esp\MaleKhajiit\DSilHand_R_DSilHand_R00SeR_00065980_2.xwm
312;DSilHand_R00Controller;false;malekhajiitneutral;neutral; And they promise to pay a good amount of gold if we finish off the creature.;results\Data\Sound\Voice\DawnOfTheSilverHand.esp\MaleKhajiit\DSilHand_R_DSilHand_R00SeR_00065980_3.xwm
313;DSilHand_R00Controller;false;malekhajiitneutral;neutral; Yes, we did it!  The men will take care of seeking the reward.  Come back tomorrow and talk to me to take your share.;results\Data\Sound\Voice\DawnOfTheSilverHand.esp\MaleKhajiit\DSilHand_R_DSilHand_R00SeS_00065989_1.xwm
314;DSilHand_R00Controller;false;femaleeventonedneutral;neutral; Yes.  Some villagers have heard strange noises during the night.;results\Data\Sound\Voice\DawnOfTheSilverHand.esp\FemaleEvenToned\DSilHand_R_DSilHand_R00HiR_0006645E_1.xwm
315;DSilHand_R00Controller;false;femaleeventonedneutral;neutral; They are not sure of what kind of creature is responsible for that, but they fear it can be a werewolf, so they contract our services.;results\Data\Sound\Voice\DawnOfTheSilverHand.esp\FemaleEvenToned\DSilHand_R_DSilHand_R00HiR_0006645E_2.xwm
316;DSilHand_R00Controller;false;femaleeventonedneutral;neutral; And they promise to pay a good amount of gold if we finish off the creature.;results\Data\Sound\Voice\DawnOfTheSilverHand.esp\FemaleEvenToned\DSilHand_R_DSilHand_R00HiR_0006645E_3.xwm
317;DSilHand_R00Controller;false;femaleeventonedneutral;neutral; Yes.  An emissary from the jarl has contacted us.  He said a group of bandits is causing some trouble.;results\Data\Sound\Voice\DawnOfTheSilverHand.esp\FemaleEvenToned\DSilHand_R_DSilHand_R00HiR_00066461_1.xwm
318;DSilHand_R00Controller;false;femaleeventonedneutral;neutral; They robbed some people and some cargo.  One of their members is a werewolf.;results\Data\Sound\Voice\DawnOfTheSilverHand.esp\FemaleEvenToned\DSilHand_R_DSilHand_R00HiR_00066461_2.xwm
319;DSilHand_R00Controller;false;femaleeventonedneutral;neutral; They are going to pay a good amount of gold if we take care of the beast and the bandit leader.;results\Data\Sound\Voice\DawnOfTheSilverHand.esp\FemaleEvenToned\DSilHand_R_DSilHand_R00HiR_00066461_3.xwm
320;DSilHand_R05FjolsResearch;false;maleeventonedaccentedhappy;happy;[I'M HAPPY] Thanks for your help, my friend. [I'M HAPPY] Accept this as a sign of gratitude.;results\Data\Sound\Voice\DawnOfTheSilverHand.esp\MaleEvenTonedAccented\DSilHand_R_DSilHand_R05De__00018691_1.xwm
321;DSilHand_R05FjolsResearch;false;maleeventonedaccentedneutral;neutral; No problem.  Come to me if you change your mind.;results\Data\Sound\Voice\DawnOfTheSilverHand.esp\MaleEvenTonedAccented\DSilHand_R_DSilHand_R05FRS_0001868E_1.xwm
322;DSilHand_R05FjolsResearch;false;maleeventonedaccentedhappy;happy;[I'M HAPPY] Ok. [I'M HAPPY] I'll mark the location on your map.;results\Data\Sound\Voice\DawnOfTheSilverHand.esp\MaleEvenTonedAccented\DSilHand_R_DSilHand_R05FRS_0001868C_1.xwm
323;DSilHand_R05FjolsResearch;false;maleeventonedaccentedhappy;happy;[I'M HAPPY] I'll will give you a token as a sign of gratitude when you came back.;results\Data\Sound\Voice\DawnOfTheSilverHand.esp\MaleEvenTonedAccented\DSilHand_R_DSilHand_R05FRS_0001868C_2.xwm
324;DSilHand_R05FjolsResearch;false;maleeventonedaccentedhappy;happy;[I'M HAPPY] Actually there is. [I'M HAPPY] I'm looking for a rare tome for my research.;results\Data\Sound\Voice\DawnOfTheSilverHand.esp\MaleEvenTonedAccented\DSilHand_R_DSilHand_R05FRS_0001868A_1.xwm
325;DSilHand_R05FjolsResearch;false;maleeventonedaccentedneutral;neutral; And I found information about a location where we can find a copy.;results\Data\Sound\Voice\DawnOfTheSilverHand.esp\MaleEvenTonedAccented\DSilHand_R_DSilHand_R05FRS_0001868A_2.xwm
326;DSilHand_S01DwammerTempering;false;maleorcneutral;neutral; I need 20 ingots of quicksilver, Dwarven Oil, fire salts, and void salts.;results\Data\Sound\Voice\DawnOfTheSilverHand.esp\MaleOrc\DSilHand_S_DSilHand_S10ND__0003F794_1.xwm
327;DSilHand_S01DwammerTempering;false;maleorcneutral;neutral; Come back when you have all these materials, and I'll teach all I know about silver forging.;results\Data\Sound\Voice\DawnOfTheSilverHand.esp\MaleOrc\DSilHand_S_DSilHand_S10ND__0003F794_2.xwm
328;DSilHand_S01DwammerTempering;false;maleorcneutral;neutral; I need 10 pots of void salts, Dwarven Oil, fire salts, and quicksilver ingots.;results\Data\Sound\Voice\DawnOfTheSilverHand.esp\MaleOrc\DSilHand_S_DSilHand_S10ND__0003FCF8_1.xwm
329;DSilHand_S01DwammerTempering;false;maleorcneutral;neutral; Come back when you have all these materials, and I'll teach all I know about silver forging.;results\Data\Sound\Voice\DawnOfTheSilverHand.esp\MaleOrc\DSilHand_S_DSilHand_S10ND__0003FCF8_2.xwm
330;DSilHand_S01DwammerTempering;false;maleorcneutral;neutral; I need 20 pots of fire salts, Dwarven Oil, void salts and quicksilver ingots.;results\Data\Sound\Voice\DawnOfTheSilverHand.esp\MaleOrc\DSilHand_S_DSilHand_S10ND__0003FCF9_1.xwm
331;DSilHand_S01DwammerTempering;false;maleorcneutral;neutral; Come back when you have all these materials, and I'll teach all I know about silver forging.;results\Data\Sound\Voice\DawnOfTheSilverHand.esp\MaleOrc\DSilHand_S_DSilHand_S10ND__0003FCF9_2.xwm
332;DSilHand_S01DwammerTempering;false;maleorcneutral;neutral; I need 20 vessels of Dwarven Oil, fire salts, void salts, and quicksilver ingots.;results\Data\Sound\Voice\DawnOfTheSilverHand.esp\MaleOrc\DSilHand_S_DSilHand_S10ND__0003FCFA_1.xwm
333;DSilHand_S01DwammerTempering;false;maleorcneutral;neutral; Come back when you have all these materials, and I'll teach all I know about silver forging.;results\Data\Sound\Voice\DawnOfTheSilverHand.esp\MaleOrc\DSilHand_S_DSilHand_S10ND__0003FCFA_2.xwm
334;DSilHand_S01DwammerTempering;false;maleorchappy;happy;[I'M HAPPY] Very good! [I'M HAPPY] Ok, now let's begin. [I'M HAPPY] First of all, we must prepare the right alloy for the temper.;results\Data\Sound\Voice\DawnOfTheSilverHand.esp\MaleOrc\DSilHand_S_DSilHand_S10DL__0003F791_1.xwm
335;DSilHand_S01DwammerTempering;false;maleorcneutral;neutral; We forge together the silver with a small portion of the Quicksilver.;results\Data\Sound\Voice\DawnOfTheSilverHand.esp\MaleOrc\DSilHand_S_DSilHand_S10DL__0003F791_2.xwm
336;DSilHand_S01DwammerTempering;false;maleorcneutral;neutral; To melt the metal, we must use the fire salts to get the forge at exact right temperature required.  No more, nor less.;results\Data\Sound\Voice\DawnOfTheSilverHand.esp\MaleOrc\DSilHand_S_DSilHand_S10DL__0003F791_3.xwm
337;DSilHand_S01DwammerTempering;false;maleorcneutral;neutral; Than, the alloy must be folded many times using the void salts grains.;results\Data\Sound\Voice\DawnOfTheSilverHand.esp\MaleOrc\DSilHand_S_DSilHand_S10DL__0003F791_4.xwm
338;DSilHand_S01DwammerTempering;false;maleorcneutral;neutral; To temper the blade, we must immerse it in pure Dwrammer Oil.;results\Data\Sound\Voice\DawnOfTheSilverHand.esp\MaleOrc\DSilHand_S_DSilHand_S10DL__0003F791_5.xwm
339;DSilHand_S01DwammerTempering;false;maleorcneutral;neutral; Once it is done, It will become as hard as ebony, but will keep all the special properties of the silver against foul creatures.;results\Data\Sound\Voice\DawnOfTheSilverHand.esp\MaleOrc\DSilHand_S_DSilHand_S10DL__0003F791_6.xwm
340;DSilHand_S01DwammerTempering;false;maleorcneutral;neutral; I'll teach you everything I know about forging silver.;results\Data\Sound\Voice\DawnOfTheSilverHand.esp\MaleOrc\DSilHand_S_DSilHand_S10DL__0003F791_7.xwm
341;DSilHand_S02IconoclasticRevenge;false;maleeventonedaccentedneutral;neutral; Great job!  We managed to find all the totems.  Now, we must burn them into the flame of the Harbinger inside Ysgramor's tomb.;results\Data\Sound\Voice\DawnOfTheSilverHand.esp\MaleEvenTonedAccented\DSilHand_S_DSilHand_S02_F3_00059216_1.xwm
342;DSilHand_S02IconoclasticRevenge;false;maleeventonedaccentedneutral;neutral; No problem...  Come back when you are ready.;results\Data\Sound\Voice\DawnOfTheSilverHand.esp\MaleEvenTonedAccented\DSilHand_S_DSilHand_S02TWF_00059204_1.xwm
343;DSilHand_S02IconoclasticRevenge;false;maleeventonedaccentedhappy;happy;[I'M HAPPY] The first totem is called Totem of the Hunt. [I'M HAPPY] Reassemble a thigh bone. [I'M HAPPY] It must be hidden in Clearspring Cave.;results\Data\Sound\Voice\DawnOfTheSilverHand.esp\MaleEvenTonedAccented\DSilHand_S_DSilHand_S02TWF_00059203_1.xwm
344;DSilHand_S02IconoclasticRevenge;false;maleeventonedaccentedneutral;neutral; Take this, a copy of The Totems Of Hircine, if you want to learn more about it.;results\Data\Sound\Voice\DawnOfTheSilverHand.esp\MaleEvenTonedAccented\DSilHand_S_DSilHand_S02TWF_00059203_2.xwm
345;DSilHand_S02IconoclasticRevenge;false;maleeventonedaccentedanger;anger;[I'M ANGRY] Yes. [I'M ANGRY] Since they are daedric artifacts, once they are destroyed there is no guarantee they are gone to come back someday.;results\Data\Sound\Voice\DawnOfTheSilverHand.esp\MaleEvenTonedAccented\DSilHand_S_DSilHand_S02TWF_00059200_1.xwm
346;DSilHand_S02IconoclasticRevenge;false;maleeventonedaccentedhappy;happy;[I'M HAPPY] I hope our work will last for some generations.;results\Data\Sound\Voice\DawnOfTheSilverHand.esp\MaleEvenTonedAccented\DSilHand_S_DSilHand_S02TWF_00059200_2.xwm
347;DSilHand_S02IconoclasticRevenge;false;maleeventonedaccentedneutral;neutral; But even in the worst case, it should diminish Hincine influence over Skyrim.;results\Data\Sound\Voice\DawnOfTheSilverHand.esp\MaleEvenTonedAccented\DSilHand_S_DSilHand_S02TWF_00059200_3.xwm
348;DSilHand_S02IconoclasticRevenge;false;maleeventonedaccentedhappy;happy;[I'M HAPPY] Yes. [I'M HAPPY] There are three: a thigh bone, a carved Skull, and a Drum.;results\Data\Sound\Voice\DawnOfTheSilverHand.esp\MaleEvenTonedAccented\DSilHand_S_DSilHand_S02TWF_000591FE_1.xwm
349;DSilHand_S02IconoclasticRevenge;false;maleeventonedaccentedhappy;happy;[I'M HAPPY] I was searching for clues about where they might be and how to destroy them.;results\Data\Sound\Voice\DawnOfTheSilverHand.esp\MaleEvenTonedAccented\DSilHand_S_DSilHand_S02TWF_000591FE_2.xwm
350;DSilHand_S02IconoclasticRevenge;false;maleeventonedaccentedhappy;happy;[I'M HAPPY] Now I think I discovered where they may be, and how to banish them.;results\Data\Sound\Voice\DawnOfTheSilverHand.esp\MaleEvenTonedAccented\DSilHand_S_DSilHand_S02TWF_000591FE_3.xwm
351;DSilHand_S02IconoclasticRevenge;false;maleeventonedaccentedhappy;happy;[I'M HAPPY] Yes, I have. [I'M HAPPY] In my research, I discovered a book about the Totems of Hircine.;results\Data\Sound\Voice\DawnOfTheSilverHand.esp\MaleEvenTonedAccented\DSilHand_S_DSilHand_S02TWF_000591FC_1.xwm
352;DSilHand_S02IconoclasticRevenge;false;maleeventonedaccentedhappy;happy;[I'M HAPPY] Ancient artifacts related to the cult of Hircine and Lycanthropy.;results\Data\Sound\Voice\DawnOfTheSilverHand.esp\MaleEvenTonedAccented\DSilHand_S_DSilHand_S02TWF_000591FC_2.xwm
353;DSilHand_S02IconoclasticRevenge;false;maleeventonedaccentedhappy;happy;[I'M HAPPY] The last totem must be inside the Darklight Tower. [I'M HAPPY] It is called Totem of Fear and resembles a Wolf's carved skull.;results\Data\Sound\Voice\DawnOfTheSilverHand.esp\MaleEvenTonedAccented\DSilHand_S_DSilHand_S02_3T_00059213_1.xwm
354;DSilHand_S02IconoclasticRevenge;false;maleeventonedaccentedhappy;happy;[I'M HAPPY][I'M ECSTATIC] Good job! [I'M HAPPY][I'M ECSTATIC] It matches the totem description.;results\Data\Sound\Voice\DawnOfTheSilverHand.esp\MaleEvenTonedAccented\DSilHand_S_DSilHand_S02_F1_0005920A_1.xwm
355;DSilHand_S02IconoclasticRevenge;false;maleeventonedaccentedhappy;happy;[I'M HAPPY] The second totem must be on Cragwallow Slope. [I'M HAPPY] It resembles a usual drum. [I'M HAPPY] It is called the Totem of Brotherhood.;results\Data\Sound\Voice\DawnOfTheSilverHand.esp\MaleEvenTonedAccented\DSilHand_S_DSilHand_S02_F1_0005920A_2.xwm
356;DSilHand_S02IconoclasticRevenge;false;maleeventonedaccentedhappy;happy;[I'M HAPPY] The second totem is called Totem of Brotherhood. [I'M HAPPY] It resembles a simple drum. [I'M HAPPY] It must be inside Cragwallow Slope.;results\Data\Sound\Voice\DawnOfTheSilverHand.esp\MaleEvenTonedAccented\DSilHand_S_DSilHand_S02_2T_0005920D_1.xwm
357;DSilHand_S02IconoclasticRevenge;false;maleeventonedaccentedneutral;neutral; The first totem is called Totem of the Hunt.  Reassemble a thigh bone.  It must be hidden in Clearspring Cave.;results\Data\Sound\Voice\DawnOfTheSilverHand.esp\MaleEvenTonedAccented\DSilHand_S_DSilHand_S02_1T_00059207_1.xwm
358;DSilHand_S02IconoclasticRevenge;false;maleeventonedaccentedhappy;happy;[I'M HAPPY] Yes it is. [I'M HAPPY] Thanks, brother for your help. [I'M HAPPY] I hope this work is going to dim Hircine's influence over Skyrim in the next centuries to come.;results\Data\Sound\Voice\DawnOfTheSilverHand.esp\MaleEvenTonedAccented\DSilHand_S_DSilHand_S02ABT_00059219_1.xwm
359;DSilHand_S02IconoclasticRevenge;false;maleeventonedaccentedneutral;neutral; Take this sword as a token of my gratitude.  Now, I'll go back to Driftshade.  If you need me, you will find me there.;results\Data\Sound\Voice\DawnOfTheSilverHand.esp\MaleEvenTonedAccented\DSilHand_S_DSilHand_S02ABT_00059219_2.xwm
360;DSilHand_S02IconoclasticRevenge;false;maleeventonedaccentedhappy;happy;[I'M HAPPY][I'M ECSTATIC] Great job again my brother. [I'M HAPPY][I'M ECSTATIC] We are doing well on this quest. [I'M HAPPY][I'M ECSTATIC] It matches the totem description from the book.;results\Data\Sound\Voice\DawnOfTheSilverHand.esp\MaleEvenTonedAccented\DSilHand_S_DSilHand_S02_F2_00059210_1.xwm
361;DSilHand_S02IconoclasticRevenge;false;maleeventonedaccentedhappy;happy;[I'M HAPPY] The third and last totem is at the Darklight Tower, and held by Hagraven Witches.;results\Data\Sound\Voice\DawnOfTheSilverHand.esp\MaleEvenTonedAccented\DSilHand_S_DSilHand_S02_F2_00059210_2.xwm
362;DSilHand_S02IconoclasticRevenge;false;maleeventonedaccentedhappy;happy;[I'M HAPPY] It is a carved wolf skull with some feathers attached to it. [I'M HAPPY] It is called the Totem of Fear.;results\Data\Sound\Voice\DawnOfTheSilverHand.esp\MaleEvenTonedAccented\DSilHand_S_DSilHand_S02_F2_00059210_3.xwm
